"last_name, first_name","player_id","team_name_alt","pitch_type","pitch_name","run_value_per_100","run_value","pitches","pitch_usage","pa","ba","slg","woba","whiff_percent","k_percent","put_away","est_ba","est_slg","est_woba","hard_hit_percent"
"Ray, Robbie",592662,"TOR","FF","4-Seam Fastball",0.9,17,"1861",59.2,"471","0.222","0.431","0.318",24,24.6,21.1,"0.239","0.46","0.327",43.2
"Gausman, Kevin",592332,"SF","FF","4-Seam Fastball",0.9,14,"1578",52.6,"419","0.255","0.416","0.334",19.5,19.3,19.6,"0.274","0.494","0.354",44.7
"Mahle, Tyler",641816,"CIN","FF","4-Seam Fastball",0.2,3,"1697",53.1,"389","0.237","0.435","0.338",27,34.7,21.6,"0.21","0.367","0.306",41
"Richards, Garrett",572070,"BOS","FF","4-Seam Fastball",-0.8,-10,"1236",53,"355","0.304","0.487","0.389",18,14.6,15.8,"0.305","0.516","0.393",52.5
"Cease, Dylan",656302,"CWS","FF","4-Seam Fastball",0.1,1,"1388",46.9,"353","0.263","0.448","0.365",23.2,19.5,18.2,"0.267","0.505","0.384",46.8
"Senzatela, Antonio",622608,"COL","FF","4-Seam Fastball",0.6,8,"1312",54.6,"352","0.295","0.394","0.327",14.1,10.8,12.3,"0.292","0.422","0.331",41.5
"Urías, Julio",628711,"LAD","FF","4-Seam Fastball",0,-1,"1347",48.3,"350","0.274","0.479","0.352",21.1,23.7,19.8,"0.248","0.466","0.332",38.3
"Wheeler, Zack",554430,"PHI","FF","4-Seam Fastball",1.4,19,"1359",42.4,"339","0.224","0.317","0.279",25.9,33,24,"0.214","0.318","0.273",32.3
"Happ, J.A.",457918,"STL","FF","4-Seam Fastball",-0.7,-10,"1443",54,"337","0.269","0.537","0.384",20.4,22.8,17.7,"0.253","0.527","0.372",46.8
"Buehler, Walker",621111,"LAD","FF","4-Seam Fastball",1.1,15,"1408",44.7,"337","0.201","0.365","0.294",20.8,23.7,19.3,"0.233","0.426","0.329",45.6
"Pivetta, Nick",601713,"BOS","FF","4-Seam Fastball",0,0,"1423",51.8,"336","0.255","0.435","0.35",20.9,24.1,17.4,"0.229","0.416","0.324",46.3
"Márquez, Germán",608566,"COL","FF","4-Seam Fastball",0.3,4,"1268",45.5,"330","0.272","0.438","0.368",14.3,7.6,12.1,"0.315","0.512","0.401",46.2
"Rogers, Trevor",669432,"MIA","FF","4-Seam Fastball",1.1,14,"1252",57.7,"326","0.221","0.343","0.305",27.1,30.7,26.2,"0.213","0.362","0.305",40.2
"McKenzie, Triston",663474,"CLE","FF","4-Seam Fastball",0.1,2,"1219",61.7,"322","0.227","0.465","0.359",19.2,19.9,18.9,"0.252","0.472","0.362",44.3
"Gilbert, Logan",669302,"SEA","FF","4-Seam Fastball",1.4,18,"1293",60.8,"321","0.257","0.405","0.314",21.7,22.1,17.7,"0.255","0.454","0.327",51.3
"Cole, Gerrit",543037,"NYY","FF","4-Seam Fastball",1.3,19,"1400",47.2,"312","0.225","0.398","0.292",27.6,34,24.1,"0.215","0.418","0.292",49.5
"Peralta, Freddy",642547,"MIL","FF","4-Seam Fastball",1.8,22,"1218",51.7,"310","0.156","0.308","0.278",30.9,35.5,28.9,"0.173","0.328","0.281",41.9
"Taillon, Jameson",592791,"NYY","FF","4-Seam Fastball",1,12,"1179",49.7,"308","0.199","0.397","0.296",28,28.6,21.6,"0.195","0.404","0.292",47.2
"Rodón, Carlos",607074,"CWS","FF","4-Seam Fastball",2.2,29,"1302",58.7,"301","0.199","0.336","0.278",29.7,29.9,25.4,"0.202","0.369","0.281",40
"Scherzer, Max",453286,"LAD","FF","4-Seam Fastball",1.6,21,"1317",46.7,"299","0.193","0.359","0.281",30.8,31.1,26.2,"0.195","0.382","0.283",40.8
"Gray, Jon",592351,"COL","FF","4-Seam Fastball",-0.6,-7,"1181",46.6,"299","0.328","0.504","0.399",17.3,15.4,15.6,"0.285","0.459","0.362",44.3
"Garcia, Luis",677651,"HOU","FF","4-Seam Fastball",0,1,"1118",44.7,"299","0.301","0.488","0.384",19.2,16.4,17.2,"0.292","0.504","0.387",50.2
"Snell, Blake",605483,"SD","FF","4-Seam Fastball",0.7,9,"1231",52.4,"289","0.213","0.406","0.328",21.4,26,23.1,"0.241","0.503","0.368",44.5
"Fried, Max",608331,"ATL","FF","4-Seam Fastball",1,10,"976",38.2,"288","0.268","0.406","0.324",17.5,14.6,16,"0.27","0.395","0.319",37.5
"Heaney, Andrew",571760,"NYY","FF","4-Seam Fastball",-0.6,-7,"1338",59.4,"287","0.271","0.537","0.371",27.8,27.5,18.9,"0.234","0.463","0.333",45
"Skubal, Tarik",669373,"DET","FF","4-Seam Fastball",-1.4,-15,"1092",42.9,"284","0.291","0.611","0.421",24,24.6,19.2,"0.3","0.624","0.427",52.5
"Lyles, Jordan",543475,"TEX","FF","4-Seam Fastball",-1.3,-15,"1165",39.3,"283","0.298","0.603","0.416",20,17,15.6,"0.265","0.554","0.387",45.2
"Irvin, Cole",608344,"ATH","FF","4-Seam Fastball",0.7,8,"1101",41.1,"283","0.256","0.395","0.322",19.5,20.1,18.3,"0.261","0.445","0.334",42.2
"Eovaldi, Nathan",543135,"BOS","FF","4-Seam Fastball",0,0,"1237",42.3,"282","0.312","0.468","0.36",19.4,22,18.7,"0.26","0.405","0.313",38.9
"Hill, Rich",448179,"NYM","FF","4-Seam Fastball",-0.3,-4,"1176",47.1,"278","0.266","0.512","0.36",22,25.5,25.8,"0.248","0.486","0.34",42.1
"Minor, Mike",501985,"KC","FF","4-Seam Fastball",0.3,3,"1123",42.8,"278","0.246","0.472","0.342",18.9,22.3,20.5,"0.22","0.449","0.316",36.3
"Kaprielian, James",621076,"ATH","FF","4-Seam Fastball",-0.6,-7,"1070",52.9,"276","0.25","0.471","0.357",27.8,25.7,20.5,"0.226","0.434","0.331",43.5
"Gallen, Zac",668678,"AZ","FF","4-Seam Fastball",0.9,10,"1130",53.8,"273","0.216","0.364","0.317",15.9,25.3,21.5,"0.229","0.393","0.316",47.4
"Javier, Cristian",664299,"HOU","FF","4-Seam Fastball",0.1,1,"1065",59.4,"271","0.226","0.421","0.353",26.4,24.4,21.3,"0.267","0.528","0.398",51
"Giolito, Lucas",608337,"CWS","FF","4-Seam Fastball",-0.2,-3,"1303",43.9,"270","0.251","0.427","0.339",25.6,22.2,17.2,"0.248","0.455","0.341",42.8
"Allard, Kolby",663465,"TEX","FF","4-Seam Fastball",-0.1,-1,"986",48,"267","0.23","0.444","0.326",18.7,24,20.9,"0.25","0.47","0.333",42.4
"Bubic, Kris",663460,"KC","FF","4-Seam Fastball",0.5,6,"1144",52,"262","0.217","0.355","0.318",20.8,20.6,19.1,"0.24","0.411","0.346",39.8
"Gonzales, Marco",594835,"SEA","FF","4-Seam Fastball",0,0,"1168",50.3,"260","0.237","0.525","0.352",17.3,19.2,16.8,"0.251","0.536","0.361",43.3
"Woodruff, Brandon",605540,"MIL","FF","4-Seam Fastball",1.1,10,"942",33.5,"257","0.192","0.332","0.27",30.5,43.6,25.7,"0.208","0.348","0.282",32.5
"Flexen, Chris",623167,"SEA","FF","4-Seam Fastball",0.4,5,"1123",40,"257","0.273","0.459","0.344",18.1,23,17.5,"0.239","0.468","0.333",43.1
"Greinke, Zack",425844,"HOU","FF","4-Seam Fastball",0.2,2,"1026",39.8,"255","0.267","0.492","0.345",12.1,17.3,19.8,"0.286","0.514","0.356",47.2
"Morton, Charlie",450203,"ATL","FF","4-Seam Fastball",0.8,8,"1088",36.4,"253","0.239","0.36","0.305",23.6,26.5,19.3,"0.236","0.4","0.314",40.4
"Keller, Mitch",656605,"PIT","FF","4-Seam Fastball",-0.9,-10,"1051",56.6,"252","0.315","0.498","0.391",18,19.8,17.7,"0.279","0.483","0.371",46.7
"Anderson, Ian",666120,"ATL","FF","4-Seam Fastball",1,10,"1026",47.2,"246","0.216","0.349","0.287",21.3,21.1,19,"0.234","0.408","0.315",40.6
"Paddack, Chris",663978,"SD","FF","4-Seam Fastball",-0.2,-2,"1149",61.5,"246","0.314","0.531","0.383",21.3,18.7,13.9,"0.294","0.513","0.36",46.5
"Espino, Paolo",502179,"WSH","FF","4-Seam Fastball",-0.4,-4,"958",55.2,"243","0.289","0.524","0.369",12.3,14.4,14.2,"0.279","0.542","0.362",49.7
"Pineda, Michael",501381,"MIN","FF","4-Seam Fastball",0.6,5,"925",54.2,"243","0.284","0.493","0.364",14.6,14.8,14.6,"0.3","0.557","0.378",56.2
"Anderson, Tyler",542881,"SEA","FF","4-Seam Fastball",0.1,1,"970",37.3,"242","0.254","0.455","0.337",21.7,22.3,16.8,"0.254","0.468","0.347",36.4
"Montas, Frankie",593423,"ATH","FF","4-Seam Fastball",0.7,6,"915",30.2,"241","0.215","0.402","0.309",24.4,27.8,20.6,"0.237","0.46","0.327",50.3
"Suter, Brent",608718,"MIL","FF","4-Seam Fastball",0.9,8,"883",72.3,"239","0.257","0.396","0.323",20.5,23,21.2,"0.241","0.386","0.296",36.1
"Means, John",607644,"BAL","FF","4-Seam Fastball",-0.7,-8,"1116",47.9,"238","0.233","0.507","0.346",21.2,20.6,14.6,"0.256","0.567","0.368",51.2
"Lynn, Lance",458681,"CWS","FF","4-Seam Fastball",1.9,20,"1036",41.4,"234","0.181","0.274","0.246",32.9,36.3,23.9,"0.168","0.3","0.239",45.8
"Walker, Taijuan",592836,"NYM","FF","4-Seam Fastball",-0.6,-5,"904",35.5,"234","0.221","0.469","0.325",24.8,29.1,21,"0.221","0.475","0.324",47.3
"Weathers, Ryan",677960,"SD","FF","4-Seam Fastball",-1.3,-12,"934",57.8,"232","0.333","0.614","0.431",16.5,15.5,14.8,"0.3","0.555","0.389",49.2
"Akin, Keegan",669211,"BAL","FF","4-Seam Fastball",0.3,3,"1011",57.2,"231","0.25","0.451","0.331",20,22.1,14.2,"0.247","0.49","0.35",43.9
"Urquidy, José",664353,"HOU","FF","4-Seam Fastball",1.3,11,"896",54.9,"227","0.237","0.423","0.298",19.8,16.7,15.7,"0.255","0.493","0.33",40.8
"Smith, Caleb",592761,"AZ","FF","4-Seam Fastball",-0.5,-5,"995",48.1,"226","0.234","0.446","0.366",22,21.2,18.1,"0.226","0.451","0.36",36.5
"Nola, Aaron",605400,"PHI","FF","4-Seam Fastball",0.2,3,"1115",37.5,"226","0.263","0.468","0.35",22.4,23.5,19.7,"0.253","0.531","0.361",45.1
"Gutierrez, Vladimir",661269,"CIN","FF","4-Seam Fastball",-1.2,-10,"865",47.2,"226","0.315","0.569","0.417",14.4,13.3,14.4,"0.28","0.518","0.375",50.6
"Rodríguez, Richard",593144,"ATL","FF","4-Seam Fastball",1,8,"813",86.1,"222","0.221","0.399","0.281",17.9,14.9,12.9,"0.249","0.509","0.333",45
"Odorizzi, Jake",543606,"HOU","FF","4-Seam Fastball",0.9,10,"1017",55.1,"221","0.236","0.4","0.317",23.2,24,16.4,"0.221","0.418","0.314",40.7
"Plesac, Zach",668676,"CLE","FF","4-Seam Fastball",-1.6,-14,"932",42.3,"220","0.32","0.614","0.433",17.1,14.5,13.3,"0.308","0.631","0.423",53.6
"Williams, Trevor",592866,"NYM","FF","4-Seam Fastball",0.2,2,"744",48.4,"219","0.274","0.442","0.362",19.5,22.8,20.8,"0.251","0.418","0.335",35.7
"McGee, Jake",459429,"SF","FF","4-Seam Fastball",1.5,12,"791",90.1,"215","0.194","0.333","0.263",18.9,22.8,18.4,"0.214","0.399","0.279",49
"Stripling, Ross",548389,"TOR","FF","4-Seam Fastball",-0.6,-5,"859",51,"209","0.263","0.579","0.389",22.3,23.9,20.4,"0.267","0.579","0.381",48.6
"Ober, Bailey",641927,"MIN","FF","4-Seam Fastball",0,0,"856",58,"208","0.251","0.466","0.326",24.8,28.4,18.6,"0.228","0.447","0.321",48.9
"Ryu, Hyun Jin",547943,"TOR","FF","4-Seam Fastball",0.2,2,"947",35.2,"207","0.282","0.511","0.366",18.6,18.8,18.8,"0.271","0.523","0.365",57.2
"Hoffman, Jeff",656546,"CIN","FF","4-Seam Fastball",-0.8,-6,"758",55.7,"207","0.272","0.509","0.407",24.2,19.3,18.6,"0.256","0.47","0.374",44.3
"McClanahan, Shane",663556,"TB","FF","4-Seam Fastball",0.1,1,"799",40.9,"204","0.308","0.5","0.39",19.3,15.7,19.5,"0.312","0.574","0.408",55
"Patiño, Luis",672715,"TB","FF","4-Seam Fastball",0.7,6,"827",60.6,"204","0.228","0.37","0.309",23.1,18.1,15.3,"0.256","0.481","0.34",44.7
"Widener, Taylor",642203,"AZ","FF","4-Seam Fastball",-0.5,-4,"809",66.5,"202","0.259","0.494","0.388",20.7,19.8,20,"0.27","0.546","0.397",50.4
"Harvey, Matt",518774,"BAL","FF","4-Seam Fastball",-1.9,-14,"760",34.1,"202","0.319","0.568","0.408",15.6,18.3,14.7,"0.318","0.618","0.418",50.7
"González, Chi Chi",592346,"COL","FF","4-Seam Fastball",-1.8,-13,"761",46.6,"200","0.331","0.539","0.405",14.9,13,13.2,"0.308","0.548","0.394",45.2
"Corbin, Patrick",571578,"WSH","FF","4-Seam Fastball",-1.2,-9,"760",27.6,"200","0.331","0.531","0.402",12,10.5,12.8,"0.331","0.552","0.409",37.3
"Rodriguez, Eduardo",593958,"BOS","FF","4-Seam Fastball",0.1,1,"1086",39.9,"199","0.294","0.486","0.369",31.2,32.2,21,"0.224","0.384","0.303",33
"Megill, Tylor",656731,"NYM","FF","4-Seam Fastball",0.2,2,"895",57.6,"198","0.261","0.494","0.357",21.7,26.8,19.3,"0.228","0.441","0.328",47.2
"Green, Chad",643338,"NYY","FF","4-Seam Fastball",1.6,13,"852",65,"198","0.185","0.364","0.27",29.9,32.3,21.8,"0.215","0.417","0.289",47.2
"Hernández, Carlos",672578,"KC","FF","4-Seam Fastball",0.9,7,"800",55.8,"198","0.216","0.364","0.327",22.2,18.7,18.6,"0.235","0.415","0.354",46
"Rasmussen, Drew",656876,"TB","FF","4-Seam Fastball",2.2,17,"767",63.8,"198","0.222","0.339","0.288",24.7,22.2,20.5,"0.262","0.404","0.323",55.1
"Lauer, Eric",641778,"MIL","FF","4-Seam Fastball",0,0,"858",43.9,"198","0.25","0.407","0.339",27,29.3,18.3,"0.213","0.396","0.306",36.4
"Velasquez, Vince",592826,"SD","FF","4-Seam Fastball",-0.9,-8,"873",49.9,"196","0.217","0.56","0.385",26.8,28.1,20.8,"0.201","0.499","0.35",48.2
"Moore, Matt",519043,"PHI","FF","4-Seam Fastball",-0.7,-5,"707",56.4,"194","0.305","0.537","0.403",18.5,16,17.2,"0.266","0.48","0.361",42.1
"Ohtani, Shohei",660271,"LAA","FF","4-Seam Fastball",-0.4,-4,"890",43.9,"192","0.291","0.513","0.395",20.3,17.7,21.9,"0.275","0.467","0.377",50.8
"Kelly, Merrill",518876,"AZ","FF","4-Seam Fastball",-0.9,-7,"775",32,"191","0.311","0.598","0.411",19.4,17.3,18.6,"0.251","0.526","0.362",43.5
"Gomber, Austin",596295,"COL","FF","4-Seam Fastball",-1.5,-11,"753",40.7,"190","0.299","0.567","0.419",14.5,11.6,15.7,"0.298","0.572","0.404",40
"Matzek, Tyler",554431,"ATL","FF","4-Seam Fastball",1.8,14,"753",70.7,"188","0.192","0.288","0.287",22.6,22.3,21,"0.207","0.332","0.302",42.9
"Hearn, Taylor",621368,"TEX","FF","4-Seam Fastball",0.4,3,"799",46.3,"187","0.241","0.422","0.336",23.2,26.2,20.2,"0.262","0.452","0.346",41.9
"Bumgarner, Madison",518516,"AZ","FF","4-Seam Fastball",0.5,4,"760",33.1,"187","0.2","0.412","0.307",17.8,20.3,17.9,"0.246","0.496","0.351",40
"Finnegan, Kyle",640448,"WSH","FF","4-Seam Fastball",-0.7,-6,"827",68.4,"185","0.267","0.466","0.372",20.8,22.2,15.6,"0.229","0.395","0.321",48.8
"Doolittle, Sean",448281,"SEA","FF","4-Seam Fastball",-0.7,-5,"702",81.1,"183","0.27","0.497","0.368",23.4,23.5,19,"0.222","0.425","0.319",41.7
"Stanek, Ryne",592773,"HOU","FF","4-Seam Fastball",0.2,1,"695",59.6,"181","0.228","0.389","0.342",26.1,19.3,18.4,"0.23","0.457","0.357",47.8
"Glasnow, Tyler",607192,"TB","FF","4-Seam Fastball",1.8,12,"691",51.6,"181","0.197","0.338","0.293",27.8,26,25.1,"0.207","0.364","0.303",50
"Keller, Brad",641745,"KC","FF","4-Seam Fastball",-1.9,-13,"695",29.6,"180","0.322","0.51","0.405",22.3,18.9,17.1,"0.29","0.567","0.417",38.1
"Estévez, Carlos",608032,"COL","FF","4-Seam Fastball",-0.9,-6,"663",65.8,"179","0.295","0.487","0.372",23.1,24,21.3,"0.259","0.463","0.348",42.2
"Kennedy, Ian",453178,"PHI","FF","4-Seam Fastball",1.1,8,"742",82.5,"179","0.207","0.372","0.282",27.1,27.4,21.2,"0.209","0.396","0.289",46.6
"Pagán, Emilio",641941,"SD","FF","4-Seam Fastball",-0.4,-3,"672",61.2,"177","0.228","0.538","0.355",26.9,27.7,22.3,"0.228","0.552","0.358",55.5
"Bauer, Trevor",545333,"LAD","FF","4-Seam Fastball",1.6,12,"716",40.1,"177","0.175","0.364","0.298",25.1,27.7,24.3,"0.217","0.49","0.346",54.3
"Lester, Jon",452657,"STL","FF","4-Seam Fastball",-1.3,-9,"741",31.1,"176","0.338","0.556","0.421",16.6,14.2,13.7,"0.309","0.525","0.393",42.4
"Wacha, Michael",608379,"TB","FF","4-Seam Fastball",0,0,"706",35.8,"176","0.241","0.5","0.336",18.4,22.2,18.8,"0.3","0.621","0.406",56
"Kim, Kwang Hyun",547942,"STL","FF","4-Seam Fastball",-0.2,-2,"731",41,"176","0.295","0.442","0.371",10.8,6.8,7.6,"0.292","0.483","0.369",41.5
"deGrom, Jacob",594798,"NYM","FF","4-Seam Fastball",2.5,18,"704",57.4,"175","0.158","0.303","0.224",30.3,35.4,38,"0.166","0.319","0.235",40.4
"Kopech, Michael",656629,"CWS","FF","4-Seam Fastball",0.6,5,"726",64.4,"173","0.212","0.397","0.313",31.7,34.1,29.4,"0.192","0.373","0.291",45.7
"Berríos, José",621244,"TOR","FF","4-Seam Fastball",-0.3,-2,"795",26.1,"172","0.269","0.519","0.372",21.1,20.9,17.5,"0.277","0.547","0.38",44.2
"Gray, Josiah",680686,"WSH","FF","4-Seam Fastball",-1.9,-12,"626",51.6,"172","0.282","0.62","0.423",17.8,14.5,15.2,"0.26","0.61","0.408",41.5
"Ynoa, Huascar",660623,"ATL","FF","4-Seam Fastball",-0.3,-2,"662",44.7,"172","0.25","0.533","0.365",14.6,14.5,15.2,"0.295","0.581","0.401",55.8
"Morgan, Eli",669212,"CLE","FF","4-Seam Fastball",-0.2,-1,"689",48.7,"171","0.288","0.523","0.378",18.5,18.7,17.7,"0.242","0.468","0.334",44.4
"Alcantara, Sandy",645261,"MIA","FF","4-Seam Fastball",-0.2,-1,"668",21.6,"170","0.234","0.399","0.309",23.3,25.9,17.1,"0.236","0.422","0.305",44.3
"Karinchak, James",675916,"CLE","FF","4-Seam Fastball",0.5,4,"696",67.7,"170","0.194","0.403","0.321",28.7,27.6,22.1,"0.197","0.396","0.332",43.6
"Kikuchi, Yusei",579328,"SEA","FF","4-Seam Fastball",-0.2,-2,"919",35.9,"169","0.2","0.4","0.308",30.5,33.1,21.3,"0.244","0.482","0.349",51.1
"Gallegos, Giovanny",606149,"STL","FF","4-Seam Fastball",1.3,9,"653",52.8,"168","0.201","0.315","0.264",25.2,28.6,22.2,"0.218","0.364","0.291",46.2
"Steckenrider, Drew",608716,"SEA","FF","4-Seam Fastball",1.7,12,"664",65.9,"168","0.216","0.346","0.275",18.6,19,17.7,"0.237","0.393","0.299",37.4
"Stephan, Trevor",663986,"CLE","FF","4-Seam Fastball",-0.8,-6,"723",59.8,"167","0.274","0.493","0.385",25.1,20.4,15.5,"0.283","0.556","0.397",48.7
"Flaherty, Jack",656427,"STL","FF","4-Seam Fastball",1,7,"685",50.6,"166","0.193","0.379","0.307",17,22.9,17.3,"0.251","0.486","0.355",44.5
"Sewald, Paul",623149,"SEA","FF","4-Seam Fastball",1.5,9,"644",58.3,"165","0.18","0.32","0.262",33,38.8,28.3,"0.181","0.361","0.272",40.7
"Robles, Hansel",570663,"BOS","FF","4-Seam Fastball",-0.2,-1,"645",54.4,"165","0.245","0.453","0.362",22.5,26.7,19.2,"0.228","0.46","0.352",60.4
"Heuer, Codi",676051,"CHC","FF","4-Seam Fastball",-1.6,-9,"588",56.1,"163","0.336","0.566","0.421",13.4,6.7,9.4,"0.316","0.524","0.386",45.3
"Weaver, Luke",596133,"AZ","FF","4-Seam Fastball",0.6,4,"679",61.2,"163","0.224","0.448","0.328",20.5,19.6,15.7,"0.249","0.493","0.354",40.9
"Cueto, Johnny",456501,"SF","FF","4-Seam Fastball",1.4,9,"676",36,"163","0.224","0.361","0.292",28,31.9,18.1,"0.212","0.393","0.297",43.8
"Foltynewicz, Mike",592314,"TEX","FF","4-Seam Fastball",-1.5,-10,"661",29.6,"163","0.28","0.593","0.383",11.2,9.2,8.6,"0.31","0.651","0.422",51.8
"Diekman, Jake",518617,"ATH","FF","4-Seam Fastball",-0.1,-1,"657",58.8,"162","0.239","0.471","0.37",31.7,28.4,22.5,"0.228","0.442","0.344",45.7
"Cortes, Nestor",641482,"NYY","FF","4-Seam Fastball",0.8,5,"653",42.8,"161","0.196","0.365","0.289",23.1,34.2,25.3,"0.188","0.362","0.268",42.6
"Stratton, Chris",608717,"PIT","FF","4-Seam Fastball",0.1,1,"661",48.1,"161","0.248","0.397","0.33",21.9,23,17.4,"0.234","0.45","0.336",42.9
"Castillo, Luis",622491,"CIN","FF","4-Seam Fastball",-0.5,-4,"902",28.5,"160","0.257","0.478","0.364",30.7,31.3,20.9,"0.199","0.36","0.294",34.1
"May, Trevor",543507,"NYM","FF","4-Seam Fastball",1,7,"673",60.3,"160","0.217","0.371","0.298",33.2,38.8,25.6,"0.176","0.351","0.271",42
"Boxberger, Brad",502202,"MIL","FF","4-Seam Fastball",1,6,"602",56.1,"158","0.181","0.333","0.276",34.1,39.2,26.5,"0.188","0.356","0.286",46.8
"Hendriks, Liam",521230,"CWS","FF","4-Seam Fastball",2.2,17,"761",68.9,"157","0.216","0.379","0.265",30.3,28,21.8,"0.211","0.438","0.283",44
"Brentz, Jake",641394,"KC","FF","4-Seam Fastball",0.8,5,"647",58.6,"157","0.211","0.333","0.329",22.1,21.7,23.4,"0.22","0.36","0.338",40.2
"Mize, Casey",663554,"DET","FF","4-Seam Fastball",-0.7,-5,"700",29.7,"156","0.232","0.486","0.345",25,29.5,17.8,"0.224","0.491","0.341",49.5
"Jax, Griffin",643377,"MIN","FF","4-Seam Fastball",-0.2,-1,"586",42,"156","0.243","0.515","0.359",13.1,10.9,10.8,"0.253","0.59","0.39",45.5
"Ruiz, José",614179,"CWS","FF","4-Seam Fastball",1.5,9,"612",59,"156","0.217","0.406","0.307",21.9,17.9,16.9,"0.238","0.473","0.341",50.9
"Kershaw, Clayton",477132,"LAD","FF","4-Seam Fastball",-0.3,-2,"664",36.8,"154","0.295","0.446","0.356",17.2,8.4,14.3,"0.296","0.478","0.36",35.7
"Crowe, Wil",640444,"PIT","FF","4-Seam Fastball",-1.7,-13,"755",34.8,"153","0.328","0.597","0.464",20.4,20.9,15.8,"0.227","0.467","0.376",40.4
"Smith, Will",519293,"ATL","FF","4-Seam Fastball",0,0,"510",47.3,"151","0.25","0.469","0.361",18.9,21.2,22.1,"0.261","0.485","0.369",52
"Manoah, Alek",666201,"TOR","FF","4-Seam Fastball",0.7,4,"667",36.2,"150","0.2","0.331","0.29",32.6,32,21.7,"0.171","0.332","0.276",34.1
"Suarez, José",660761,"LAA","FF","4-Seam Fastball",-0.9,-6,"652",39.9,"149","0.292","0.546","0.388",18.3,16.8,13.9,"0.315","0.535","0.402",42.5
"DeSclafani, Anthony",543101,"SF","FF","4-Seam Fastball",0.8,6,"692",27.1,"148","0.252","0.435","0.329",22.8,15.5,13.2,"0.241","0.48","0.339",42.9
"Manning, Matt",666159,"DET","FF","4-Seam Fastball",0.1,0,"593",41.7,"148","0.258","0.391","0.327",18.2,16.9,14.6,"0.249","0.418","0.337",40
"Hernández, Darwinzon",650382,"BOS","FF","4-Seam Fastball",0.2,1,"552",73.2,"147","0.182","0.282","0.326",30.8,27.2,25,"0.211","0.334","0.342",37
"Boyd, Matthew",571510,"DET","FF","4-Seam Fastball",0.3,2,"535",42,"147","0.268","0.402","0.333",18,14.3,13.6,"0.235","0.453","0.333",41.3
"Miley, Wade",489119,"CIN","FF","4-Seam Fastball",1.1,5,"414",16,"147","0.244","0.333","0.288",17.5,25.9,16.9,"0.231","0.399","0.303",39.2
"Richards, Trevor",670950,"TOR","FF","4-Seam Fastball",2,12,"602",56.7,"146","0.159","0.333","0.251",23.3,23.3,20.9,"0.226","0.459","0.323",47.5
"Bassitt, Chris",605135,"ATH","FF","4-Seam Fastball",0.8,4,"458",19.2,"145","0.195","0.293","0.237",26.7,36.6,19.7,"0.176","0.274","0.227",32.5
"Kremer, Dean",665152,"BAL","FF","4-Seam Fastball",-1,-5,"538",54.6,"145","0.295","0.59","0.422",15.1,15.9,16.5,"0.276","0.541","0.389",52
"Kimbrel, Craig",518886,"CWS","FF","4-Seam Fastball",0.6,3,"585",59.3,"144","0.18","0.385","0.293",33.2,36.8,27.5,"0.175","0.352","0.285",48.6
"Sborz, Josh",622250,"TEX","FF","4-Seam Fastball",0.5,3,"588",54.5,"144","0.226","0.363","0.316",27.7,22.2,18.8,"0.239","0.395","0.324",45.2
"Hudson, Daniel",543339,"SD","FF","4-Seam Fastball",-0.2,-1,"586",67.7,"143","0.246","0.444","0.341",28.4,29.4,23,"0.229","0.478","0.329",47.7
"Oviedo, Johan",670912,"STL","FF","4-Seam Fastball",0.3,1,"557",51.3,"142","0.235","0.313","0.326",14.5,12,12.3,"0.262","0.364","0.345",39
"Hentges, Sam",656529,"CLE","FF","4-Seam Fastball",-2.4,-13,"520",41.3,"141","0.403","0.637","0.479",10.9,5.7,7.8,"0.34","0.67","0.454",47
"Bieber, Shane",669456,"CLE","FF","4-Seam Fastball",-0.4,-2,"554",35.5,"140","0.272","0.48","0.36",22.8,33.6,29.4,"0.225","0.422","0.317",56.4
"Cabrera, Génesis",650893,"STL","FF","4-Seam Fastball",1.2,7,"539",45.1,"140","0.17","0.286","0.291",26.7,32.9,25,"0.188","0.342","0.314",44.1
"Díaz, Edwin",621242,"NYM","FF","4-Seam Fastball",-0.1,-1,"615",61.6,"140","0.233","0.379","0.331",25.8,25,19.7,"0.222","0.36","0.313",28.2
"Littell, Zack",641793,"SF","FF","4-Seam Fastball",1.6,9,"572",57.6,"139","0.16","0.303","0.261",30.9,36,24.9,"0.173","0.327","0.269",47.2
"Strickland, Hunter",519326,"MIL","FF","4-Seam Fastball",0,0,"503",51.3,"138","0.225","0.383","0.322",23,22.5,18.5,"0.208","0.375","0.298",28.6
"García, Jarlín",606424,"SF","FF","4-Seam Fastball",1.6,8,"490",48.9,"137","0.194","0.403","0.303",19.1,26.3,26.3,"0.222","0.403","0.304",50.6
"Romano, Jordan",605447,"TOR","FF","4-Seam Fastball",0.9,6,"642",62.3,"137","0.14","0.289","0.238",28.9,35,25,"0.159","0.299","0.251",33.8
"Luzardo, Jesús",666200,"MIA","FF","4-Seam Fastball",-3.1,-18,"576",33.4,"137","0.328","0.664","0.448",18.5,16.1,14,"0.319","0.632","0.437",50.5
"Musgrove, Joe",605397,"SD","FF","4-Seam Fastball",-0.4,-3,"598",20.4,"137","0.319","0.571","0.419",20.8,21.2,19.2,"0.264","0.503","0.37",46.2
"Wittgren, Nick",621295,"CLE","FF","4-Seam Fastball",0.3,2,"570",56,"136","0.234","0.5","0.329",24.9,28.7,19.2,"0.258","0.514","0.346",48.9
"Bundy, Dylan",605164,"LAA","FF","4-Seam Fastball",-0.1,-1,"520",34.2,"136","0.237","0.474","0.368",20.5,19.1,19.7,"0.224","0.45","0.347",38.2
"Lynch IV, Daniel",663738,"KC","FF","4-Seam Fastball",-1.7,-9,"509",40.5,"135","0.385","0.581","0.434",12.2,8.9,9.1,"0.36","0.619","0.453",46.8
"Voth, Austin",608723,"WSH","FF","4-Seam Fastball",-0.4,-3,"607",59.5,"135","0.292","0.531","0.389",20.8,23.7,18.8,"0.294","0.573","0.408",53.5
"Kinley, Tyler",641755,"COL","FF","4-Seam Fastball",-0.4,-2,"492",43.1,"135","0.259","0.534","0.382",14.3,11.1,16.9,"0.286","0.496","0.38",45.1
"Brothers, Rex",571521,"CHC","FF","4-Seam Fastball",-0.7,-5,"654",65.5,"134","0.287","0.525","0.445",20.9,16.4,22.2,"0.312","0.601","0.462",54.4
"Thielbar, Caleb",573204,"MIN","FF","4-Seam Fastball",1.1,6,"542",49,"134","0.227","0.403","0.3",22,27.6,19.7,"0.22","0.515","0.334",57
"Wilson, Bryse",669060,"PIT","FF","4-Seam Fastball",-1.3,-7,"504",44.4,"134","0.317","0.558","0.399",24.1,14.9,16,"0.295","0.586","0.4",45.2
"Bednar, David",670280,"PIT","FF","4-Seam Fastball",1.7,9,"521",55.8,"134","0.195","0.35","0.269",27.9,29.9,24.4,"0.196","0.326","0.261",32.5
"Hill, Tim",657612,"SD","FF","4-Seam Fastball",0.9,5,"497",51.7,"134","0.209","0.33","0.302",26.3,29.9,19,"0.21","0.355","0.303",38.2
"Crochet, Garrett",676979,"CWS","FF","4-Seam Fastball",0.3,2,"587",64.2,"134","0.288","0.405","0.378",19.3,13.4,16.4,"0.272","0.411","0.358",44.2
"Taylor, Blake",642130,"HOU","FF","4-Seam Fastball",0.8,4,"542",72.5,"132","0.216","0.288","0.311",25.4,25,24.1,"0.183","0.259","0.265",23.8
"Mayers, Mike",594577,"LAA","FF","4-Seam Fastball",-0.2,-1,"474",38.3,"132","0.221","0.459","0.317",29.7,35.6,27.5,"0.18","0.388","0.273",40
"Gray, Sonny",543243,"CIN","FF","4-Seam Fastball",0.2,1,"530",23.8,"132","0.281","0.465","0.38",17,9.1,16.4,"0.283","0.405","0.347",30.8
"Howard, Spencer",675921,"TEX","FF","4-Seam Fastball",0.5,3,"559",59.7,"131","0.243","0.405","0.344",24.5,22.1,17.7,"0.229","0.386","0.328",42.7
"Petit, Yusmeiro",433589,"ATH","FF","4-Seam Fastball",0.5,3,"496",45.9,"130","0.266","0.427","0.312",11,5.4,5.8,"0.287","0.481","0.336",38.7
"Bowden, Ben",641386,"COL","FF","4-Seam Fastball",-1.8,-9,"478",70.9,"130","0.318","0.573","0.437",24.3,23.1,23.3,"0.258","0.476","0.364",42.7
"Gilbreath, Lucas",656458,"COL","FF","4-Seam Fastball",1.4,6,"461",63.1,"129","0.187","0.29","0.291",26,20.9,21.1,"0.197","0.312","0.296",21
"Maton, Phil",664208,"HOU","FF","4-Seam Fastball",0,0,"561",47.8,"128","0.21","0.42","0.343",38.8,33.6,25.1,"0.195","0.358","0.324",31.7
"Santana, Ervin",429722,"KC","FF","4-Seam Fastball",-2.4,-11,"480",45.2,"128","0.342","0.623","0.439",14.5,10.2,11.5,"0.314","0.653","0.431",52.9
"Bickford, Phil",641360,"LAD","FF","4-Seam Fastball",1,5,"498",64.2,"127","0.193","0.377","0.279",27.5,29.9,26.6,"0.221","0.416","0.304",44.9
"Darvish, Yu",506433,"SD","FF","4-Seam Fastball",0.1,1,"612",22.1,"127","0.144","0.381","0.257",35,43.3,26.1,"0.143","0.342","0.235",41.3
"Smith, Burch",572143,"ATH","FF","4-Seam Fastball",0.1,0,"467",68.9,"125","0.291","0.444","0.341",21.4,16,16.4,"0.286","0.497","0.354",41.2
"Houck, Tanner",656557,"BOS","FF","4-Seam Fastball",1.1,5,"443",38.6,"124","0.257","0.321","0.307",20.7,24.2,22.9,"0.235","0.406","0.316",39.5
"López, Pablo",641154,"MIA","FF","4-Seam Fastball",0.7,4,"564",33.8,"124","0.212","0.432","0.297",23.1,32.3,18.9,"0.209","0.433","0.286",38
"López, Reynaldo",625643,"CWS","FF","4-Seam Fastball",1.3,7,"543",57.9,"124","0.196","0.42","0.283",22.8,26.6,18.8,"0.222","0.415","0.295",39
"Steele, Justin",657006,"CHC","FF","4-Seam Fastball",-0.2,-1,"436",45.2,"121","0.229","0.448","0.384",29.8,24,25.9,"0.191","0.311","0.312",19.1
"Barnes, Matt",598264,"BOS","FF","4-Seam Fastball",-0.8,-3,"458",49.8,"121","0.24","0.481","0.361",26,27.3,21.7,"0.185","0.407","0.307",40.3
"Quintana, Jose",500779,"SF","FF","4-Seam Fastball",-0.8,-4,"506",40.8,"120","0.296","0.519","0.383",24.9,30.8,22.3,"0.251","0.448","0.336",46.5
"Helsley, Ryan",664854,"STL","FF","4-Seam Fastball",0.1,1,"435",54,"119","0.279","0.413","0.341",15.7,13.4,17.6,"0.294","0.513","0.384",51.6
"Duffy, Danny",518633,"KC","FF","4-Seam Fastball",1.6,7,"432",42.8,"119","0.212","0.298","0.297",26.2,25.2,22.2,"0.229","0.379","0.313",35.1
"Norris, Daniel",596057,"MIL","FF","4-Seam Fastball",0.4,2,"469",47.5,"118","0.242","0.4","0.355",18.8,18.6,17.1,"0.221","0.401","0.346",47.3
"Gonsolin, Tony",664062,"LAD","FF","4-Seam Fastball",-1.2,-5,"431",43.5,"118","0.298","0.564","0.43",15.2,13.6,16,"0.252","0.446","0.375",39.2
"Freeland, Kyle",607536,"COL","FF","4-Seam Fastball",0.5,2,"480",25.5,"118","0.283","0.453","0.349",15.1,6.8,10.3,"0.26","0.463","0.342",30
"Wells, Tyler",669330,"BAL","FF","4-Seam Fastball",1.3,7,"524",58.6,"118","0.196","0.383","0.285",26.6,28,21.2,"0.243","0.501","0.339",50
"Staumont, Josh",622251,"KC","FF","4-Seam Fastball",1.3,6,"482",44,"117","0.204","0.296","0.298",21.1,19.7,20.2,"0.235","0.381","0.334",44
"Jiménez, Joe",641729,"DET","FF","4-Seam Fastball",0.3,2,"468",54,"117","0.19","0.369","0.361",25.5,23.1,20,"0.165","0.358","0.348",36.2
"Vesia, Alex",681911,"LAD","FF","4-Seam Fastball",0.9,4,"471",72.4,"116","0.163","0.398","0.299",38.6,36.2,27.8,"0.152","0.363","0.283",36.8
"Plutko, Adam",592644,"BAL","FF","4-Seam Fastball",-1.5,-7,"506",49.9,"116","0.296","0.561","0.4",22.1,15.5,15,"0.277","0.532","0.382",39.8
"Chapman, Aroldis",547973,"NYY","FF","4-Seam Fastball",-1.2,-7,"568",56.6,"115","0.306","0.6","0.457",29.4,23.5,27,"0.251","0.554","0.426",46.7
"Cisnero, José",542585,"DET","FF","4-Seam Fastball",0.8,4,"437",41,"114","0.196","0.337","0.326",29.2,32.5,20.7,"0.186","0.34","0.315",36.4
"Hand, Brad",543272,"NYM","FF","4-Seam Fastball",-0.5,-2,"444",41.3,"114","0.253","0.462","0.371",17.3,21.9,17.7,"0.255","0.481","0.37",43.7
"De Los Santos, Enyel",660853,"PIT","FF","4-Seam Fastball",-2.4,-11,"477",68.4,"113","0.333","0.625","0.463",30.3,27.4,21.2,"0.256","0.506","0.368",47.1
"Fry, Paul",643316,"BAL","FF","4-Seam Fastball",0.1,1,"475",54.5,"113","0.244","0.289","0.348",20.3,23.9,23.7,"0.231","0.32","0.327",32.3
"López, Jorge",605347,"BAL","FF","4-Seam Fastball",-1.9,-9,"456",21.1,"113","0.287","0.596","0.417",22.4,23,20,"0.246","0.48","0.364",47.1
"Ponce de Leon, Daniel",594965,"STL","FF","4-Seam Fastball",-1.4,-7,"481",73.7,"112","0.298","0.548","0.426",24.1,17,13.5,"0.264","0.547","0.421",37.7
"Germán, Domingo",593334,"NYY","FF","4-Seam Fastball",-2.1,-10,"453",28.7,"110","0.29","0.65","0.429",22.4,18.2,16,"0.273","0.605","0.395",55
"Hembree, Heath",592390,"NYM","FF","4-Seam Fastball",-0.3,-2,"570",52.3,"110","0.253","0.444","0.345",18.8,26.4,14.6,"0.234","0.392","0.31",50
"Hernández, Elieser",622694,"MIA","FF","4-Seam Fastball",-2.2,-9,"421",51.5,"109","0.354","0.697","0.466",15.6,15.6,12.6,"0.299","0.599","0.397",53.6
"Watkins, Spenser",657093,"BAL","FF","4-Seam Fastball",-2.5,-11,"447",46.6,"109","0.347","0.643","0.443",13.1,15.6,16.8,"0.31","0.601","0.412",41
"Underwood Jr., Duane",621249,"PIT","FF","4-Seam Fastball",0.5,2,"424",36,"109","0.25","0.38","0.343",16.6,13.8,13,"0.27","0.471","0.364",40
"Duffey, Tyler",608648,"MIN","FF","4-Seam Fastball",0.7,3,"469",44.5,"109","0.253","0.374","0.339",19.7,22,17.5,"0.22","0.401","0.332",45.6
"Zimmermann, Bruce",669145,"BAL","FF","4-Seam Fastball",-2.6,-12,"455",41.2,"109","0.379","0.684","0.482",13.6,8.3,8.4,"0.349","0.657","0.46",48.3
"Dunn, Justin",643290,"SEA","FF","4-Seam Fastball",-0.5,-2,"450",51.7,"108","0.232","0.476","0.394",21.1,12,15.3,"0.262","0.544","0.425",46.4
"Feyereisen, J.P.",656420,"TB","FF","4-Seam Fastball",1.8,9,"508",51.5,"108","0.167","0.286","0.307",28.3,17.6,14.8,"0.187","0.401","0.338",44.8
"Guerra, Deolis",500610,"ATH","FF","4-Seam Fastball",0.4,2,"409",37.7,"107","0.281","0.469","0.357",15.2,18.7,18.5,"0.221","0.418","0.307",42.9
"Sawamura, Hirokazu",617228,"BOS","FF","4-Seam Fastball",-0.9,-4,"429",45.4,"106","0.247","0.584","0.403",19.3,16,20.5,"0.259","0.547","0.395",47.9
"Givens, Mychal",571710,"CIN","FF","4-Seam Fastball",-0.6,-3,"407",46.7,"105","0.293","0.489","0.373",29.7,33.3,25.2,"0.22","0.369","0.3",29.3
"Neris, Héctor",593576,"PHI","FF","4-Seam Fastball",-0.4,-2,"446",35.9,"105","0.233","0.478","0.364",32.2,36.2,24.8,"0.188","0.419","0.317",53.8
"Bradley, Archie",605151,"PHI","FF","4-Seam Fastball",0.1,0,"434",47.1,"104","0.242","0.484","0.363",18.1,26.9,18.4,"0.213","0.425","0.322",46
"Maeda, Kenta",628317,"MIN","FF","4-Seam Fastball",-1.6,-7,"460",25.9,"103","0.297","0.549","0.396",23.2,27.2,23.3,"0.264","0.544","0.376",48.4
"Barlow, Scott",605130,"KC","FF","4-Seam Fastball",0.4,2,"405",33.1,"103","0.275","0.396","0.338",16.8,11.7,15.8,"0.277","0.492","0.371",49.4
"Zimmer, Kyle",622092,"KC","FF","4-Seam Fastball",-0.4,-2,"471",50.4,"103","0.3","0.412","0.388",16.6,12.6,12.3,"0.25","0.379","0.368",40.6
"Thompson, Keegan",624522,"CHC","FF","4-Seam Fastball",-0.5,-2,"446",46.2,"102","0.263","0.438","0.389",17.2,15.7,16.7,"0.275","0.494","0.401",42.4
"Canning, Griffin",656288,"LAA","FF","4-Seam Fastball",-1.4,-6,"435",40.4,"102","0.247","0.541","0.403",20.8,17.6,17,"0.265","0.537","0.397",52.2
"Foster, Matt",641582,"CWS","FF","4-Seam Fastball",0.9,4,"463",63.5,"102","0.233","0.326","0.327",22.9,23.5,19.7,"0.27","0.478","0.371",54.7
"Rainey, Tanner",663432,"WSH","FF","4-Seam Fastball",-1.7,-7,"430",64.7,"101","0.253","0.57","0.413",28.1,20.8,15.3,"0.242","0.58","0.411",55.9
"Sulser, Cole",642121,"BAL","FF","4-Seam Fastball",0.2,1,"547",51.1,"98","0.279","0.5","0.376",28.7,26.5,18.2,"0.217","0.449","0.329",58.3
"Civale, Aaron",650644,"CLE","FF","4-Seam Fastball",-1.6,-7,"428",22.4,"98","0.278","0.6","0.394",15.3,14.3,10.8,"0.311","0.613","0.416",48.7
"Brubaker, JT",664141,"PIT","FF","4-Seam Fastball",-0.6,-3,"474",24.4,"94","0.241","0.506","0.357",18.3,11.7,10.9,"0.251","0.49","0.344",38.7
"Hendricks, Kyle",543294,"CHC","FF","4-Seam Fastball",-1.5,-8,"506",18,"94","0.321","0.654","0.449",30.3,24.5,23.2,"0.278","0.588","0.414",56.1
"Brogdon, Connor",641401,"PHI","FF","4-Seam Fastball",-0.9,-4,"414",44.9,"90","0.3","0.512","0.383",26.1,22.2,17.9,"0.256","0.471","0.346",44.3
"Scott, Tanner",656945,"BAL","FF","4-Seam Fastball",-0.4,-2,"469",45.4,"88","0.206","0.338","0.334",23.3,18.2,19.5,"0.24","0.419","0.371",44.4
"Fairbanks, Pete",664126,"TB","FF","4-Seam Fastball",0.9,4,"446",57.6,"86","0.2","0.28","0.284",31.3,27.9,19.5,"0.182","0.312","0.27",30.8
"Montgomery, Jordan",656756,"NYY","FF","4-Seam Fastball",-1.1,-5,"424",16.5,"85","0.256","0.474","0.342",18,24.7,13.1,"0.257","0.479","0.342",50.9
"Peralta, Wily",503449,"DET","FF","4-Seam Fastball",-1.6,-7,"405",26.1,"81","0.338","0.559","0.464",7.8,4.9,4,"0.312","0.526","0.408",47.7