"year","last_name, first_name","pitcher_id","team_name","team_name_abbrev","pitch_hand","avg_speed","pitches_thrown","total_pitches","pitches_per_game","pitch_per","pitch_type","pitch_type_name","pitcher_break_z","league_break_z","diff_z","rise","pitcher_break_z_induced","pitcher_break_x","league_break_x","diff_x","tail","percent_rank_diff_z","percent_rank_diff_x"
"2021","Ray, Robbie","592662","Blue Jays","TOR","L","94.8","1861","3141",19.38888888888889,0.5924864692773002,"FF","4-Seam Fastball",13.5,-14.1,0.7,"5",17.1,8.2,-7.2,1,"14",0.6752941176470588,0.6
"2021","Mahle, Tyler","641816","Reds","CIN","R","94","1697","3196",19.728395061728396,0.5309762202753442,"FF","4-Seam Fastball",13.9,-15.1,1.2,"8",17.1,12.1,-7.8,4.3,"56",0.7788235294117647,0.9223529411764706
"2021","Gausman, Kevin","592332","Giants","SF","R","94.6","1578","3002",18.530864197530864,0.5256495669553631,"FF","4-Seam Fastball",14.2,-14.2,0,"0",16.4,10.4,-7.2,3.2,"45",0.5317647058823529,0.8305882352941176
"2021","Happ, J.A.","457918","Cardinals","STL","L","91","1443","2674",16.506172839506174,0.5396409872849663,"FF","4-Seam Fastball",16.1,-16,0,"0",17,7.9,-6.7,1.1,"17",0.5317647058823529,0.611764705882353
"2021","Pivetta, Nick","601713","Red Sox","BOS","R","94.8","1423","2745",16.944444444444443,0.5183970856102004,"FF","4-Seam Fastball",10.8,-13.2,2.4,"18",19.7,5.1,-6.2,-1.1,"-18",0.9435294117647058,0.3458823529411765
"2021","Buehler, Walker","621111","Dodgers","LAD","R","95.3","1408","3152",19.45679012345679,0.4467005076142132,"FF","4-Seam Fastball",12,-14.3,2.3,"16",18,3,-7.7,-4.7,"-61",0.9247058823529412,0.058823529411764705
"2021","Cole, Gerrit","543037","Yankees","NYY","R","97.7","1400","2969",18.32716049382716,0.47153923880094306,"FF","4-Seam Fastball",10.9,-13,2.1,"16",18,12,-8.5,3.5,"42",0.9011764705882352,0.851764705882353
"2021","Cease, Dylan","656302","White Sox","CWS","R","96.6","1388","2957",18.253086419753085,0.4693946567467027,"FF","4-Seam Fastball",10.6,-12.8,2.3,"18",18.8,4.5,-6.9,-2.4,"-35",0.9247058823529412,0.21411764705882352
"2021","Wheeler, Zack","554430","Phillies","PHI","R","97.2","1359","3205",19.78395061728395,0.42402496099843995,"FF","4-Seam Fastball",13.1,-12.9,-0.2,"-1",15.9,7.6,-7.7,-0.1,"-1",0.4894117647058824,0.46352941176470586
"2021","Urías, Julio","628711","Dodgers","LAD","L","94.1","1347","2786",17.19753086419753,0.4834888729361091,"FF","4-Seam Fastball",13.5,-15,1.5,"10",17.3,3.8,-7.2,-3.4,"-48",0.8329411764705882,0.1411764705882353
"2021","Heaney, Andrew","571760","Yankees","NYY","L","92","1338","2253",13.907407407407407,0.5938748335552596,"FF","4-Seam Fastball",17.4,-16.9,-0.5,"-3",15.2,15.3,-8.6,6.7,"78",0.43529411764705883,0.9929411764705882
"2021","Scherzer, Max","453286","Dodgers","LAD","R","94.3","1317","2821",17.41358024691358,0.466855724920241,"FF","4-Seam Fastball",14.8,-15.3,0.4,"3",16,10.6,-8.1,2.5,"32",0.5905882352941176,0.7741176470588236
"2021","Senzatela, Antonio","622608","Rockies","COL","R","94.6","1312","2405",14.937888198757763,0.5455301455301456,"FF","4-Seam Fastball",19.3,-14.6,-4.8,"-33",11,4.9,-7.4,-2.5,"-34",0.021176470588235293,0.2023529411764706
"2021","Giolito, Lucas","608337","White Sox","CWS","R","93.8","1303","2970",18.333333333333332,0.43872053872053873,"FF","4-Seam Fastball",12,-13.8,1.8,"13",19.1,6.7,-6.3,0.4,"6",0.88,0.5388235294117647
"2021","Rodón, Carlos","607074","White Sox","CWS","L","95.4","1302","2219",13.697530864197532,0.5867507886435331,"FF","4-Seam Fastball",12.6,-13.1,0.4,"3",17.6,7.9,-6.3,1.6,"25",0.5905882352941176,0.6494117647058824
"2021","Gilbert, Logan","669302","Mariners","SEA","R","95.3","1293","2125",13.117283950617283,0.6084705882352941,"FF","4-Seam Fastball",12.1,-13.4,1.3,"10",18,5.4,-6.7,-1.3,"-20",0.8070588235294117,0.3247058823529412
"2021","Márquez, Germán","608566","Rockies","COL","R","94.8","1268","2788",17.316770186335404,0.45480631276901007,"FF","4-Seam Fastball",18.6,-14.9,-3.7,"-25",11.5,6,-7.3,-1.3,"-18",0.05411764705882353,0.3247058823529412
"2021","Rogers, Trevor","669432","Marlins","MIA","L","94.5","1252","2169",13.38888888888889,0.5772245274319963,"FF","4-Seam Fastball",16,-14.4,-1.6,"-11",14.8,11.1,-7.4,3.7,"50",0.1952941176470588,0.8635294117647059
"2021","Eovaldi, Nathan","543135","Red Sox","BOS","R","96.8","1237","2927",18.067901234567902,0.4226170140075162,"FF","4-Seam Fastball",14.9,-13.5,-1.4,"-10",14.4,12.2,-8.4,3.8,"45",0.22588235294117648,0.88
"2021","Richards, Garrett","572070","Red Sox","BOS","R","94.3","1236","2331",14.38888888888889,0.5302445302445302,"FF","4-Seam Fastball",22,-15.1,-6.9,"-45",8.7,1.3,-7.7,-9,"-116",0,0.002352941176470588
"2021","Snell, Blake","605483","Padres","SD","L","95.1","1231","2347",14.487654320987655,0.5244993608862377,"FF","4-Seam Fastball",11.5,-12.9,1.4,"11",18.8,5.7,-6.1,-0.4,"-6",0.8188235294117647,0.4117647058823529
"2021","McKenzie, Triston","663474","Guardians","CLE","R","92.1","1219","1975",12.191358024691358,0.6172151898734177,"FF","4-Seam Fastball",12.5,-15,2.5,"17",19.8,3.4,-6.1,-2.7,"-44",0.9552941176470588,0.18588235294117647
"2021","Peralta, Freddy","642547","Brewers","MIL","R","93.4","1218","2356",14.54320987654321,0.5169779286926995,"FF","4-Seam Fastball",14.9,-16.3,1.4,"9",16.5,7,-8,-1,"-13",0.8188235294117647,0.3623529411764706
"2021","Gray, Jon","592351","Rockies","COL","R","94.9","1181","2537",15.75776397515528,0.46551044540796216,"FF","4-Seam Fastball",19.2,-15,-4.2,"-28",11,12.9,-8.2,4.7,"57",0.04,0.9388235294117647
"2021","Taillon, Jameson","592791","Yankees","NYY","R","93.9","1179","2372",14.641975308641975,0.49704890387858347,"FF","4-Seam Fastball",13.2,-14.3,1.1,"8",17.9,3.4,-6.9,-3.5,"-50",0.7552941176470588,0.13176470588235295
"2021","Hill, Rich","448179","Mets","NYM","L","88.1","1176","2496",15.407407407407407,0.47115384615384615,"FF","4-Seam Fastball",16.1,-18.1,2,"11",19.3,9.2,-6.8,2.4,"35",0.8941176470588236,0.7647058823529411
"2021","Gonzales, Marco","594835","Mariners","SEA","L","88.4","1168","2324",14.345679012345679,0.5025817555938038,"FF","4-Seam Fastball",17.5,-18.1,0.6,"3",17.5,10.7,-7,3.6,"52",0.6517647058823529,0.8588235294117647
"2021","Lyles, Jordan","543475","Rangers","TEX","R","93","1165","2964",18.296296296296298,0.39304993252361675,"FF","4-Seam Fastball",13.6,-14.7,1.1,"8",18.1,7,-6.7,0.3,"4",0.7552941176470588,0.5247058823529411
"2021","Paddack, Chris","663978","Padres","SD","R","94.8","1149","1869",11.537037037037036,0.6147672552166934,"FF","4-Seam Fastball",13.1,-13.4,0.3,"2",17.5,9.5,-6.4,3.1,"49",0.5788235294117647,0.8211764705882353
"2021","Bubic, Kris","663460","Royals","KC","L","90.9","1144","2202",13.592592592592593,0.51952770208901,"FF","4-Seam Fastball",17.7,-16.6,-1,"-6",15.4,6.2,-7,-0.8,"-12",0.3129411764705882,0.37176470588235294
"2021","Gallen, Zac","668678","D-backs","AZ","R","93.4","1130","2102",12.975308641975309,0.5375832540437678,"FF","4-Seam Fastball",14.1,-14.8,0.7,"5",17.4,3.4,-7.1,-3.7,"-52",0.6752941176470588,0.11764705882352941
"2021","Flexen, Chris","623167","Mariners","SEA","R","92.7","1123","2811",17.35185185185185,0.39950195659907506,"FF","4-Seam Fastball",13.5,-14,0.5,"4",18.4,2,-5.8,-3.8,"-65",0.6188235294117647,0.11058823529411765
"2021","Minor, Mike","501985","Royals","KC","L","90.9","1123","2621",16.179012345679013,0.4284624189240748,"FF","4-Seam Fastball",18.2,-16.5,-1.8,"-11",14.7,1.9,-7.2,-5.3,"-73",0.17176470588235293,0.04
"2021","Garcia, Luis","677651","Astros","HOU","R","93.3","1118","2502",15.444444444444445,0.44684252597921664,"FF","4-Seam Fastball",13,-15.1,2.1,"14",18.5,5,-7.1,-2,"-29",0.9011764705882352,0.2541176470588235
"2021","Means, John","607644","Orioles","BAL","L","92.8","1116","2328",14.37037037037037,0.4793814432989691,"FF","4-Seam Fastball",11.9,-14.5,2.6,"18",20.1,6.7,-6.3,0.4,"6",0.9694117647058823,0.5388235294117647
"2021","Nola, Aaron","605400","Phillies","PHI","R","92.9","1115","2971",18.339506172839506,0.3752945136317738,"FF","4-Seam Fastball",17.6,-16.6,-1,"-6",14.2,13.3,-8.2,5.1,"63",0.3129411764705882,0.9623529411764706
"2021","Irvin, Cole","608344","Athletics","ATH","L","90.8","1101","2682",16.555555555555557,0.4105145413870246,"FF","4-Seam Fastball",16.7,-16,-0.6,"-4",16.5,8.3,-6.5,1.8,"28",0.40705882352941175,0.6941176470588235
"2021","Skubal, Tarik","669373","Tigers","DET","L","94.3","1092","2547",15.722222222222221,0.4287396937573616,"FF","4-Seam Fastball",14.8,-14.1,-0.7,"-5",16.1,8.3,-6.7,1.6,"23",0.3835294117647059,0.6494117647058824
"2021","Morton, Charlie","450203","Braves","ATL","R","95.5","1088","2987",18.5527950310559,0.3642450619350519,"FF","4-Seam Fastball",17.6,-14.6,-2.9,"-20",12.5,13.1,-8.2,4.8,"59",0.09176470588235294,0.9435294117647058
"2021","Rodriguez, Eduardo","593958","Red Sox","BOS","L","92.5","1086","2721",16.796296296296298,0.39911797133406834,"FF","4-Seam Fastball",17.1,-15.7,-1.4,"-9",14.7,7.3,-7.5,-0.2,"-3",0.22588235294117648,0.4447058823529412
"2021","Kaprielian, James","621076","Athletics","ATH","R","93","1070","2024",12.493827160493828,0.5286561264822134,"FF","4-Seam Fastball",16.4,-15.3,-1,"-7",15.3,8.5,-7.2,1.2,"17",0.3129411764705882,0.6188235294117647
"2021","Javier, Cristian","664299","Astros","HOU","R","93.5","1065","1792",11.061728395061728,0.5943080357142857,"FF","4-Seam Fastball",13.4,-15.7,2.3,"15",17.9,7.9,-8,-0.1,"-1",0.9247058823529412,0.46352941176470586
"2021","Keller, Mitch","656605","Pirates","PIT","R","93.8","1051","1858",11.469135802469136,0.5656620021528526,"FF","4-Seam Fastball",15.3,-14.7,-0.7,"-5",15.7,6.6,-7,-0.3,"-5",0.3835294117647059,0.42823529411764705
"2021","Lynn, Lance","458681","White Sox","CWS","R","94","1036","2503",15.450617283950617,0.41390331602077507,"FF","4-Seam Fastball",16,-15.2,-0.8,"-5",14.9,6,-7.8,-1.9,"-24",0.3623529411764706,0.2635294117647059
"2021","Greinke, Zack","425844","Astros","HOU","R","88.9","1026","2577",15.907407407407407,0.3981373690337602,"FF","4-Seam Fastball",18,-17.1,-0.9,"-5",16.5,1.3,-6.2,-4.9,"-79",0.3341176470588235,0.04941176470588235
"2021","Anderson, Ian","666120","Braves","ATL","R","94.6","1026","2175",13.509316770186336,0.47172413793103446,"FF","4-Seam Fastball",13.2,-13.6,0.5,"4",17.4,5.4,-6.7,-1.3,"-19",0.6188235294117647,0.3247058823529412
"2021","Odorizzi, Jake","543606","Astros","HOU","R","92.2","1017","1847",11.401234567901234,0.5506226312939903,"FF","4-Seam Fastball",15.6,-15.8,0.2,"1",16.6,11.3,-7.3,4,"55",0.56,0.9058823529411765
"2021","Akin, Keegan","669211","Orioles","BAL","L","92","1011","1768",10.91358024691358,0.5718325791855203,"FF","4-Seam Fastball",14.4,-15.9,1.5,"9",18.1,10.7,-7.3,3.4,"46",0.8329411764705882,0.8423529411764706
"2021","Smith, Caleb","592761","D-backs","AZ","L","91.4","995","2067",12.75925925925926,0.4813739719400097,"FF","4-Seam Fastball",14.9,-15.9,1,"6",18,11.5,-6.9,4.6,"67",0.7364705882352941,0.9341176470588235
"2021","Allard, Kolby","663465","Rangers","TEX","L","91.4","986","2054",12.679012345679013,0.4800389483933788,"FF","4-Seam Fastball",16,-16.8,0.8,"5",16.8,7.7,-8,-0.3,"-4",0.7035294117647058,0.42823529411764705
"2021","Fried, Max","608331","Braves","ATL","L","94","976","2558",15.888198757763975,0.3815480844409695,"FF","4-Seam Fastball",18.1,-14.5,-3.6,"-25",12.7,1.4,-7,-5.6,"-80",0.0611764705882353,0.03529411764705882
"2021","Anderson, Tyler","542881","Mariners","SEA","L","90.6","970","2602",16.061728395061728,0.3727901614142967,"FF","4-Seam Fastball",15.2,-16.5,1.3,"8",18.2,9.1,-7,2.1,"29",0.8070588235294117,0.731764705882353
"2021","Espino, Paolo","502179","Nationals","WSH","R","89","958","1735",10.709876543209877,0.5521613832853026,"FF","4-Seam Fastball",15.4,-17.8,2.5,"14",19.2,3.5,-7,-3.5,"-50",0.9552941176470588,0.13176470588235295
"2021","Ryu, Hyun Jin","547943","Blue Jays","TOR","L","89.8","947","2689",16.598765432098766,0.3521755299367795,"FF","4-Seam Fastball",21.2,-17.4,-3.8,"-22",12.8,11.6,-6.7,4.9,"73",0.04941176470588235,0.9505882352941176
"2021","Woodruff, Brandon","605540","Brewers","MIL","R","96.5","942","2810",17.34567901234568,0.33523131672597867,"FF","4-Seam Fastball",12.7,-13.4,0.7,"6",16.7,6.4,-7.8,-1.4,"-18",0.6752941176470588,0.3129411764705882
"2021","Weathers, Ryan","677960","Padres","SD","L","93.9","934","1617",9.981481481481481,0.577612863327149,"FF","4-Seam Fastball",17,-15.6,-1.4,"-9",14.1,12.3,-8,4.4,"55",0.22588235294117648,0.9294117647058824
"2021","Plesac, Zach","668676","Guardians","CLE","R","92.8","932","2205",13.61111111111111,0.4226757369614512,"FF","4-Seam Fastball",14.8,-15.3,0.5,"3",16.9,8.8,-7,1.8,"25",0.6188235294117647,0.6941176470588235
"2021","Pineda, Michael","501381","Twins","MIN","R","90.6","925","1707",10.537037037037036,0.5418863503222027,"FF","4-Seam Fastball",19,-15.8,-3.2,"-20",14.3,6.5,-6.1,0.4,"7",0.07529411764705882,0.5388235294117647
"2021","Kikuchi, Yusei","579328","Mariners","SEA","L","95.1","919","2561",15.808641975308642,0.35884420148379537,"FF","4-Seam Fastball",14.1,-14.5,0.4,"3",16.2,10.1,-8,2.1,"26",0.5905882352941176,0.731764705882353
"2021","Montas, Frankie","593423","Athletics","ATH","R","96.4","915","3028",18.691358024691358,0.3021796565389696,"FF","4-Seam Fastball",12.1,-13.3,1.2,"9",17.3,7.3,-7.1,0.1,"2",0.7788235294117647,0.49411764705882355
"2021","Walker, Taijuan","592836","Mets","NYM","R","94.5","904","2547",15.722222222222221,0.35492736552807225,"FF","4-Seam Fastball",13.5,-14,0.6,"4",17.3,9.5,-6.7,2.7,"41",0.6517647058823529,0.7905882352941176
"2021","Castillo, Luis","622491","Reds","CIN","R","97.1","902","3164",19.530864197530864,0.28508217446270545,"FF","4-Seam Fastball",16.2,-15.1,-1.1,"-7",12.7,11.3,-9.6,1.8,"19",0.28705882352941176,0.6941176470588235
"2021","Urquidy, José","664353","Astros","HOU","R","92.5","896","1631",10.067901234567902,0.5493562231759657,"FF","4-Seam Fastball",12.7,-14.9,2.2,"15",19.4,7.8,-6.5,1.3,"20",0.908235294117647,0.6258823529411764
"2021","Megill, Tylor","656731","Mets","NYM","R","94.6","895","1554",9.592592592592593,0.575933075933076,"FF","4-Seam Fastball",14.4,-14.2,-0.2,"-2",16.2,9.4,-7.1,2.4,"33",0.4894117647058824,0.7647058823529411
"2021","Ohtani, Shohei","660271","Angels","LAA","R","95.6","890","2027",12.512345679012345,0.4390725209669462,"FF","4-Seam Fastball",14.6,-13.5,-1.2,"-9",15.4,3.8,-7.3,-3.4,"-47",0.2823529411764706,0.1411764705882353
"2021","Suter, Brent","608718","Brewers","MIL","L","87.3","883","1221",7.537037037037037,0.7231777231777232,"FF","4-Seam Fastball",23.9,-20.8,-3.1,"-15",11.8,3.6,-1.4,-5.1,"-351",0.08235294117647059,0.042352941176470586
"2021","Velasquez, Vince","592826","Padres","SD","R","93.2","873","1750",10.802469135802468,0.49885714285714283,"FF","4-Seam Fastball",13.2,-15.2,2,"13",18.3,3.6,-7.3,-3.7,"-50",0.8941176470588236,0.11764705882352941
"2021","Gutierrez, Vladimir","661269","Reds","CIN","R","93.2","865","1831",11.302469135802468,0.4724194429273621,"FF","4-Seam Fastball",16.6,-15.9,-0.7,"-4",14.8,10.3,-8.2,2.1,"25",0.3835294117647059,0.731764705882353
"2021","Stripling, Ross","548389","Blue Jays","TOR","R","91.9","859","1684",10.395061728395062,0.5100950118764845,"FF","4-Seam Fastball",14.1,-14.4,0.4,"3",18.3,4.4,-5.5,-1.1,"-20",0.5905882352941176,0.3458823529411765
"2021","Lauer, Eric","641778","Brewers","MIL","L","92.5","858","1956",12.074074074074074,0.4386503067484663,"FF","4-Seam Fastball",14.9,-15.5,0.7,"4",17.1,10.3,-7.2,3.1,"43",0.6752941176470588,0.8211764705882353
"2021","Ober, Bailey","641927","Twins","MIN","R","92.3","856","1476",9.11111111111111,0.5799457994579946,"FF","4-Seam Fastball",16.2,-15.5,-0.7,"-4",15.8,6.4,-6.6,-0.2,"-3",0.3835294117647059,0.4447058823529412
"2021","Green, Chad","643338","Yankees","NYY","R","95.7","852","1311",8.092592592592593,0.6498855835240275,"FF","4-Seam Fastball",10.7,-13.4,2.7,"20",19.3,4.5,-7.1,-2.6,"-37",0.9741176470588235,0.18823529411764706
"2021","Patiño, Luis","672715","Rays","TB","R","95.7","827","1365",8.425925925925926,0.6058608058608058,"FF","4-Seam Fastball",11.4,-13.6,2.2,"16",18.6,4.2,-7.5,-3.3,"-44",0.908235294117647,0.15764705882352942
"2021","Finnegan, Kyle","640448","Nationals","WSH","R","95.6","827","1209",7.462962962962963,0.6840363937138131,"FF","4-Seam Fastball",14.5,-14,-0.4,"-3",15.4,11.6,-7.8,3.9,"50",0.45176470588235296,0.8988235294117647
"2021","Rodríguez, Richard","593144","Braves","ATL","R","93.1","813","944",5.863354037267081,0.861228813559322,"FF","4-Seam Fastball",16.6,-15.1,-1.5,"-10",15.2,13.4,-7,6.4,"91",0.20941176470588235,0.9835294117647059
"2021","Widener, Taylor","642203","D-backs","AZ","R","92.6","809","1217",7.512345679012346,0.6647493837304848,"FF","4-Seam Fastball",16.7,-16.3,-0.4,"-3",15.3,5.8,-8,-2.2,"-28",0.45176470588235296,0.23058823529411765
"2021","Hernández, Carlos","672578","Royals","KC","R","97.2","800","1434",8.851851851851851,0.5578800557880056,"FF","4-Seam Fastball",11.8,-12.8,1,"7",17.2,7.4,-7.7,-0.3,"-4",0.7364705882352941,0.42823529411764705
"2021","Hearn, Taylor","621368","Rangers","TEX","L","95.1","799","1726",10.654320987654321,0.46292004634994205,"FF","4-Seam Fastball",13.6,-13.7,0.1,"1",16.7,6.3,-6.8,-0.5,"-7",0.548235294117647,0.4
"2021","McClanahan, Shane","663556","Rays","TB","L","96.4","799","1954",12.061728395061728,0.40890481064483114,"FF","4-Seam Fastball",13.3,-12.7,-0.6,"-5",16.3,10.5,-6.7,3.8,"57",0.40705882352941175,0.88
"2021","Berríos, José","621244","Blue Jays","TOR","R","94.1","795","3043",18.78395061728395,0.2612553401248768,"FF","4-Seam Fastball",16.5,-15.2,-1.3,"-9",14.5,9.9,-7.9,2,"26",0.2635294117647059,0.7223529411764706
"2021","McGee, Jake","459429","Giants","SF","L","94.9","791","878",5.419753086419753,0.9009111617312073,"FF","4-Seam Fastball",15,-14.8,-0.2,"-2",15.4,11.5,-7.8,3.7,"47",0.4894117647058824,0.8635294117647059
"2021","Kelly, Merrill","518876","D-backs","AZ","R","91.7","775","2425",14.969135802469136,0.31958762886597936,"FF","4-Seam Fastball",16.8,-16.4,-0.4,"-3",15.7,7.2,-7.8,-0.6,"-7",0.45176470588235296,0.39294117647058824
"2021","Rasmussen, Drew","656876","Rays","TB","R","97.1","767","1202",7.419753086419753,0.6381031613976705,"FF","4-Seam Fastball",11.5,-12.8,1.2,"10",17.5,4.4,-7.4,-3.1,"-41",0.7788235294117647,0.16941176470588235
"2021","González, Chi Chi","592346","Rockies","COL","R","91.9","761","1634",10.149068322981366,0.46572827417380663,"FF","4-Seam Fastball",20.6,-15.8,-4.7,"-30",11.5,2.8,-7.2,-4.4,"-62",0.023529411764705882,0.07058823529411765
"2021","Hendriks, Liam","521230","White Sox","CWS","R","97.7","761","1104",6.814814814814815,0.6893115942028986,"FF","4-Seam Fastball",10.2,-12.5,2.3,"19",18.5,6.8,-7.9,-1.1,"-14",0.9247058823529412,0.3458823529411765
"2021","Bumgarner, Madison","518516","D-backs","AZ","L","90.4","760","2294",14.160493827160494,0.33129904097646035,"FF","4-Seam Fastball",18.2,-16.9,-1.3,"-8",15.4,8.5,-6.9,1.6,"23",0.2635294117647059,0.6494117647058824
"2021","Corbin, Patrick","571578","Nationals","WSH","L","92.2","760","2750",16.97530864197531,0.27636363636363637,"FF","4-Seam Fastball",17.1,-14.8,-2.3,"-16",15.1,8.1,-6,2.1,"35",0.12705882352941175,0.731764705882353
"2021","Harvey, Matt","518774","Orioles","BAL","R","93.4","760","2232",13.777777777777779,0.34050179211469533,"FF","4-Seam Fastball",17,-14.9,-2.1,"-14",14.5,12.3,-6.9,5.4,"78",0.14823529411764705,0.9694117647058823
"2021","Hoffman, Jeff","656546","Reds","CIN","R","94.3","758","1360",8.395061728395062,0.5573529411764706,"FF","4-Seam Fastball",12.6,-14,1.5,"10",18.3,10.4,-6.7,3.7,"54",0.8329411764705882,0.8635294117647059
"2021","Crowe, Wil","640444","Pirates","PIT","R","93.7","755","2171",13.401234567901234,0.3477660064486412,"FF","4-Seam Fastball",14.5,-14.6,0.1,"1",16.6,3.1,-6.9,-3.8,"-55",0.548235294117647,0.11058823529411765
"2021","Matzek, Tyler","554431","Braves","ATL","L","96","753","1065",6.614906832298137,0.7070422535211267,"FF","4-Seam Fastball",11.7,-13.3,1.5,"11",18,4.9,-7,-2.1,"-30",0.8329411764705882,0.2447058823529412
"2021","Gomber, Austin","596295","Rockies","COL","L","91.6","753","1851",11.496894409937887,0.406807131280389,"FF","4-Seam Fastball",14.6,-14.8,0.2,"1",17.9,5.9,-5.8,0.1,"2",0.56,0.49411764705882355
"2021","Williams, Trevor","592866","Mets","NYM","R","91.5","744","1537",9.487654320987655,0.4840598568640208,"FF","4-Seam Fastball",19.9,-17.2,-2.7,"-16",12.5,3.9,-7.9,-4,"-51",0.1011764705882353,0.09647058823529411
"2021","Kennedy, Ian","453178","Phillies","PHI","R","94.1","742","899",5.549382716049383,0.8253615127919911,"FF","4-Seam Fastball",13.3,-15.5,2.2,"14",17.7,10.8,-8.3,2.5,"29",0.908235294117647,0.7741176470588236
"2021","Lester, Jon","452657","Cardinals","STL","L","88.7","741","2380",14.691358024691358,0.31134453781512605,"FF","4-Seam Fastball",20,-17.9,-2.1,"-12",14.8,5,-7,-2,"-29",0.14823529411764705,0.2541176470588235
"2021","Kim, Kwang Hyun","547942","Cardinals","STL","L","89.1","731","1784",11.012345679012345,0.40975336322869954,"FF","4-Seam Fastball",18.7,-17.8,-0.9,"-5",15.6,0.7,-6.3,-5.6,"-89",0.3341176470588235,0.03529411764705882
"2021","Kopech, Michael","656629","White Sox","CWS","R","97.3","726","1128",6.962962962962963,0.6436170212765957,"FF","4-Seam Fastball",10.5,-13,2.5,"19",18.5,9.8,-8,1.8,"22",0.9552941176470588,0.6941176470588235
"2021","Stephan, Trevor","663986","Guardians","CLE","R","96.2","723","1210",7.469135802469136,0.5975206611570248,"FF","4-Seam Fastball",15,-13.8,-1.3,"-9",14.5,9,-8,1,"12",0.2635294117647059,0.6
"2021","Bauer, Trevor","545333","Dodgers","LAD","R","93.9","716","1787",11.030864197530864,0.40067151650811417,"FF","4-Seam Fastball",11.2,-15.1,3.9,"26",20.2,9.9,-7.6,2.2,"29",0.9952941176470588,0.7505882352941177
"2021","Moore, Matt","519043","Phillies","PHI","L","92.4","707","1254",7.7407407407407405,0.5637958532695375,"FF","4-Seam Fastball",16.8,-15.2,-1.7,"-11",15.3,12.8,-6.7,6.1,"91",0.1811764705882353,0.9788235294117648
"2021","Wacha, Michael","608379","Rays","TB","R","93.8","706","1974",12.185185185185185,0.3576494427558257,"FF","4-Seam Fastball",12.6,-13.7,1.1,"8",18.7,6.8,-6.1,0.7,"11",0.7552941176470588,0.571764705882353
"2021","deGrom, Jacob","594798","Mets","NYM","R","99.2","704","1226",7.567901234567901,0.5742251223491027,"FF","4-Seam Fastball",11.4,-12,0.6,"5",16.4,9.1,-9.1,0,"0",0.6517647058823529,0.4752941176470588
"2021","Doolittle, Sean","448281","Mariners","SEA","L","93.1","702","866",5.345679012345679,0.8106235565819861,"FF","4-Seam Fastball",11.6,-15.2,3.6,"24",20,3.6,-7.1,-3.4,"-49",0.9905882352941177,0.1411764705882353
"2021","Mize, Casey","663554","Tigers","DET","R","93.8","700","2357",14.549382716049383,0.29698769622401355,"FF","4-Seam Fastball",15.4,-14.9,-0.5,"-3",15.7,9.2,-7.4,1.8,"24",0.43529411764705883,0.6941176470588235
"2021","Karinchak, James","675916","Guardians","CLE","R","95.9","696","1028",6.345679012345679,0.6770428015564203,"FF","4-Seam Fastball",12,-13.1,1.1,"9",17.8,5.1,-6.6,-1.5,"-23",0.7552941176470588,0.3035294117647059
"2021","Keller, Brad","641745","Royals","KC","R","94.2","695","2348",14.493827160493828,0.2959965928449744,"FF","4-Seam Fastball",16.7,-14.3,-2.4,"-17",14,1,-6.8,-7.8,"-115",0.11764705882352941,0.007058823529411765
"2021","Stanek, Ryne","592773","Astros","HOU","R","97.6","695","1166",7.197530864197531,0.5960548885077187,"FF","4-Seam Fastball",12.4,-12.5,0.1,"1",16.4,10.1,-7.3,2.9,"39",0.548235294117647,0.8047058823529412
"2021","DeSclafani, Anthony","543101","Giants","SF","R","94.1","692","2558",15.790123456790123,0.2705238467552776,"FF","4-Seam Fastball",14.6,-15,0.4,"2",16.3,9.6,-7.7,2,"26",0.5905882352941176,0.7223529411764706
"2021","Glasnow, Tyler","607192","Rays","TB","R","97","691","1339",8.265432098765432,0.5160567587752054,"FF","4-Seam Fastball",11.9,-12.3,0.4,"3",17.2,1.8,-6.4,-4.6,"-72",0.5905882352941176,0.06588235294117648
"2021","Morgan, Eli","669212","Guardians","CLE","R","90.4","689","1414",8.728395061728396,0.4872701555869873,"FF","4-Seam Fastball",16.1,-16.7,0.5,"3",17.3,11.4,-7.1,4.3,"60",0.6188235294117647,0.9223529411764706
"2021","Flaherty, Jack","656427","Cardinals","STL","R","93.6","685","1353",8.351851851851851,0.5062823355506282,"FF","4-Seam Fastball",15.8,-15.4,-0.4,"-3",15.4,4,-7.8,-3.8,"-49",0.45176470588235296,0.11058823529411765
"2021","Weaver, Luke","596133","D-backs","AZ","R","93.6","679","1109",6.845679012345679,0.612263300270514,"FF","4-Seam Fastball",13.8,-15.4,1.7,"11",17.6,7.4,-7.7,-0.3,"-4",0.8635294117647059,0.42823529411764705
"2021","Cueto, Johnny","456501","Giants","SF","R","91.8","676","1878",11.592592592592593,0.3599574014909478,"FF","4-Seam Fastball",17,-16.5,-0.5,"-3",15.5,11.7,-7.9,3.8,"48",0.43529411764705883,0.88
"2021","May, Trevor","543507","Mets","NYM","R","96.5","673","1117",6.895061728395062,0.6025067144136079,"FF","4-Seam Fastball",11.6,-13.3,1.6,"12",17.8,6.2,-7.8,-1.6,"-20",0.8541176470588235,0.2917647058823529
"2021","Pagán, Emilio","641941","Padres","SD","R","94.9","672","1098",6.777777777777778,0.6120218579234973,"FF","4-Seam Fastball",12.1,-14.7,2.6,"18",18.3,5.8,-8.1,-2.2,"-28",0.9694117647058823,0.23058823529411765
"2021","Alcantara, Sandy","645261","Marlins","MIA","R","98.1","668","3095",19.104938271604937,0.2158319870759289,"FF","4-Seam Fastball",14.8,-13,-1.9,"-14",13.8,10.6,-8.1,2.5,"31",0.1623529411764706,0.7741176470588236
"2021","Manoah, Alek","666201","Blue Jays","TOR","R","93.7","667","1845",11.38888888888889,0.3615176151761518,"FF","4-Seam Fastball",15.4,-14.8,-0.6,"-4",15.8,5,-7.2,-2.2,"-31",0.40705882352941175,0.23058823529411765
"2021","Steckenrider, Drew","608716","Mariners","SEA","R","94","664","1008",6.222222222222222,0.6587301587301587,"FF","4-Seam Fastball",12.4,-14.6,2.2,"15",18.7,8.7,-6.9,1.7,"25",0.908235294117647,0.6847058823529412
"2021","Kershaw, Clayton","477132","Dodgers","LAD","L","90.6","664","1806",11.148148148148149,0.36766334440753046,"FF","4-Seam Fastball",14,-16.2,2.2,"14",19.3,0.5,-6.6,-7.1,"-108",0.908235294117647,0.01647058823529412
"2021","Estévez, Carlos","608032","Rockies","COL","R","97.1","663","1007",6.254658385093168,0.6583912611717975,"FF","4-Seam Fastball",14.5,-13.3,-1.1,"-9",14.4,8.5,-8.2,0.3,"4",0.28705882352941176,0.5247058823529411
"2021","Ynoa, Huascar","660623","Braves","ATL","R","96.5","662","1482",9.20496894409938,0.446693657219973,"FF","4-Seam Fastball",12.7,-12.5,-0.2,"-2",16.7,8.2,-6.5,1.7,"27",0.4894117647058824,0.6847058823529412
"2021","Stratton, Chris","608717","Pirates","PIT","R","93","661","1374",8.481481481481481,0.4810771470160116,"FF","4-Seam Fastball",15.8,-15.1,-0.7,"-4",15.7,4.6,-7,-2.4,"-34",0.3835294117647059,0.21411764705882352
"2021","Foltynewicz, Mike","592314","Rangers","TEX","R","93.8","661","2236",13.802469135802468,0.2956171735241503,"FF","4-Seam Fastball",15.8,-15,-0.8,"-5",15.3,10.5,-7.4,3.1,"42",0.3623529411764706,0.8211764705882353
"2021","Diekman, Jake","518617","Athletics","ATH","L","95.4","657","1118",6.901234567901234,0.5876565295169947,"FF","4-Seam Fastball",16.8,-14.3,-2.6,"-18",13.4,14.3,-7.7,6.6,"85",0.10823529411764705,0.9882352941176471
"2021","Brothers, Rex","571521","Cubs","CHC","L","94.5","654","998",6.160493827160494,0.655310621242485,"FF","4-Seam Fastball",13.7,-14.7,0.9,"6",16.9,8.6,-7.3,1.3,"17",0.7223529411764706,0.6258823529411764
"2021","Gallegos, Giovanny","606149","Cardinals","STL","R","94.4","653","1236",7.62962962962963,0.5283171521035599,"FF","4-Seam Fastball",13.3,-13.8,0.5,"4",17.5,9.1,-6.3,2.7,"43",0.6188235294117647,0.7905882352941176
"2021","Cortes, Nestor","641482","Yankees","NYY","L","90.7","653","1524",9.407407407407407,0.4284776902887139,"FF","4-Seam Fastball",14.7,-17,2.3,"14",18.6,5.6,-8,-2.4,"-30",0.9247058823529412,0.21411764705882352
"2021","Suarez, José","660761","Angels","LAA","L","92.9","652","1636",10.098765432098766,0.39853300733496333,"FF","4-Seam Fastball",16.9,-16.3,-0.6,"-4",14.9,9.1,-8.5,0.6,"7",0.40705882352941175,0.5647058823529412
"2021","Brentz, Jake","641394","Royals","KC","L","96.9","647","1105",6.820987654320987,0.5855203619909503,"FF","4-Seam Fastball",14.6,-14.8,0.2,"2",14.5,9.5,-9.5,0,"0",0.56,0.4752941176470588
"2021","Robles, Hansel","570663","Red Sox","BOS","R","96.7","645","1185",7.314814814814815,0.5443037974683544,"FF","4-Seam Fastball",12.9,-14.6,1.7,"11",16.3,12,-9,3,"33",0.8635294117647059,0.8094117647058824
"2021","Sewald, Paul","623149","Mariners","SEA","R","92.3","644","1104",6.814814814814815,0.5833333333333334,"FF","4-Seam Fastball",18.5,-18.9,0.4,"2",13.7,12.5,-11.2,1.3,"12",0.5905882352941176,0.6258823529411764
"2021","Romano, Jordan","605447","Blue Jays","TOR","R","97.6","642","1031",6.364197530864198,0.6226964112512124,"FF","4-Seam Fastball",10.7,-12,1.4,"11",18.2,5.3,-6.7,-1.4,"-20",0.8188235294117647,0.3129411764705882
"2021","Gray, Josiah","680686","Nationals","WSH","R","94.6","626","1213",7.487654320987654,0.516075845012366,"FF","4-Seam Fastball",12.8,-15.7,2.9,"18",17.8,9.5,-8.5,1,"11",0.9811764705882353,0.6
"2021","Díaz, Edwin","621242","Mets","NYM","R","98.8","615","999",6.166666666666667,0.6156156156156156,"FF","4-Seam Fastball",16.6,-15.9,-0.7,"-4",11.5,14.8,-13.2,1.6,"12",0.3835294117647059,0.6494117647058824
"2021","Ruiz, José","614179","White Sox","CWS","R","97","612","1037",6.401234567901234,0.5901639344262295,"FF","4-Seam Fastball",11.4,-12.9,1.5,"12",17.7,6.4,-7.3,-0.9,"-12",0.8329411764705882,0.36470588235294116
"2021","Darvish, Yu","506433","Padres","SD","R","94.5","612","2769",17.09259259259259,0.2210184182015168,"FF","4-Seam Fastball",11.8,-14.6,2.8,"19",19,6.3,-7.4,-1.1,"-15",0.9788235294117648,0.3458823529411765
"2021","Voth, Austin","608723","Nationals","WSH","R","94.2","607","1021",6.302469135802469,0.594515181194907,"FF","4-Seam Fastball",13.6,-14.8,1.1,"8",17.3,5.2,-7.4,-2.1,"-29",0.7552941176470588,0.2447058823529412
"2021","Boxberger, Brad","502202","Brewers","MIL","R","93.5","602","1074",6.62962962962963,0.5605214152700186,"FF","4-Seam Fastball",14.1,-15.7,1.5,"10",17.1,6.1,-7.9,-1.8,"-23",0.8329411764705882,0.27058823529411763
"2021","Richards, Trevor","670950","Blue Jays","TOR","R","92.7","602","1061",6.549382716049383,0.5673892554194157,"FF","4-Seam Fastball",12.3,-14.7,2.4,"16",19.6,5.8,-6.4,-0.6,"-10",0.9435294117647058,0.39294117647058824
"2021","Musgrove, Joe","605397","Padres","SD","R","93.3","598","2938",18.135802469135804,0.20353982300884957,"FF","4-Seam Fastball",18.6,-14.8,-3.8,"-26",12.8,5,-6.8,-1.8,"-26",0.04941176470588235,0.27058823529411763
"2021","Manning, Matt","666159","Tigers","DET","R","93.5","593","1421",8.771604938271604,0.41731175228712175,"FF","4-Seam Fastball",14.5,-14.7,0.2,"1",16.8,2.8,-7,-4.2,"-60",0.56,0.08235294117647059
"2021","Sborz, Josh","622250","Rangers","TEX","R","96.7","588","1079",6.660493827160494,0.5449490268767377,"FF","4-Seam Fastball",10.2,-12.7,2.5,"19",19.1,6.7,-6.8,-0.2,"-2",0.9552941176470588,0.4447058823529412
"2021","Heuer, Codi","676051","Cubs","CHC","R","95.9","588","1049",6.4753086419753085,0.5605338417540515,"FF","4-Seam Fastball",16.5,-13.6,-2.9,"-21",13.3,14.4,-7.5,6.9,"91",0.09176470588235294,0.9976470588235294
"2021","Crochet, Garrett","676979","White Sox","CWS","L","96.7","587","915",5.648148148148148,0.6415300546448087,"FF","4-Seam Fastball",11.5,-12.1,0.6,"5",17.7,4.6,-6,-1.4,"-24",0.6517647058823529,0.3129411764705882
"2021","Hudson, Daniel","543339","Padres","SD","R","97","586","865",5.339506172839506,0.6774566473988439,"FF","4-Seam Fastball",12.7,-13.8,1.2,"8",16.6,10.2,-8.7,1.6,"18",0.7788235294117647,0.6494117647058824
"2021","Jax, Griffin","643377","Twins","MIN","R","92.7","586","1394",8.604938271604938,0.42037302725968434,"FF","4-Seam Fastball",15.8,-16.1,0.3,"2",16.1,12.1,-7.9,4.2,"53",0.5788235294117647,0.9176470588235294
"2021","Kimbrel, Craig","518886","White Sox","CWS","R","96.5","585","986",6.08641975308642,0.5933062880324543,"FF","4-Seam Fastball",14.8,-15.9,1.1,"7",14.6,10.3,-9.7,0.6,"6",0.7552941176470588,0.5647058823529412
"2021","Luzardo, Jesús","666200","Marlins","MIA","L","95.7","576","1727",10.660493827160494,0.3335263462651998,"FF","4-Seam Fastball",14.9,-14.4,-0.5,"-3",15.2,13.3,-7.6,5.7,"75",0.43529411764705883,0.9741176470588235
"2021","Littell, Zack","641793","Giants","SF","R","94.9","572","993",6.12962962962963,0.5760322255790534,"FF","4-Seam Fastball",13,-13.6,0.6,"4",17.3,6.5,-6.6,-0.1,"-2",0.6517647058823529,0.46352941176470586
"2021","Hembree, Heath","592390","Mets","NYM","R","95.3","570","1090",6.728395061728395,0.5229357798165137,"FF","4-Seam Fastball",12.5,-14.1,1.7,"12",17.7,9.5,-7.6,1.9,"24",0.8635294117647059,0.7152941176470589
"2021","Wittgren, Nick","621295","Guardians","CLE","R","92.5","570","1018",6.283950617283951,0.5599214145383105,"FF","4-Seam Fastball",16.9,-15.4,-1.5,"-10",15.1,8.4,-6.9,1.5,"22",0.20941176470588235,0.6447058823529411
"2021","Chapman, Aroldis","547973","Yankees","NYY","L","98.3","568","1004",6.197530864197531,0.5657370517928287,"FF","4-Seam Fastball",10.4,-11.7,1.4,"12",18.1,4.1,-6.9,-2.8,"-41",0.8188235294117647,0.17882352941176471
"2021","López, Pablo","641154","Marlins","MIA","R","93.9","564","1669",10.302469135802468,0.33792690233672856,"FF","4-Seam Fastball",17.6,-15.3,-2.3,"-15",13.4,6.7,-8.1,-1.4,"-17",0.12705882352941175,0.3129411764705882
"2021","Maton, Phil","664208","Astros","HOU","R","91.5","561","1174",7.246913580246914,0.4778534923339012,"FF","4-Seam Fastball",19.2,-16.8,-2.4,"-14",13.2,0.8,-7.2,-8,"-111",0.11764705882352941,0.004705882352941176
"2021","Howard, Spencer","675921","Rangers","TEX","R","94.2","559","936",5.777777777777778,0.5972222222222222,"FF","4-Seam Fastball",13.6,-14.1,0.5,"3",17.3,7.4,-6.8,0.7,"10",0.6188235294117647,0.571764705882353
"2021","Oviedo, Johan","670912","Cardinals","STL","R","95","557","1086",6.703703703703703,0.5128913443830571,"FF","4-Seam Fastball",18.7,-14.2,-4.5,"-32",11.6,6.3,-7.4,-1.1,"-15",0.03058823529411765,0.3458823529411765
"2021","Bieber, Shane","669456","Guardians","CLE","R","92.7","554","1559",9.623456790123457,0.3553559974342527,"FF","4-Seam Fastball",13.3,-15.8,2.4,"15",18.5,9.7,-7.6,2.1,"28",0.9435294117647058,0.731764705882353
"2021","Hernández, Darwinzon","650382","Red Sox","BOS","L","94.8","552","754",4.654320987654321,0.7320954907161804,"FF","4-Seam Fastball",17.2,-15.4,-1.8,"-12",13.1,4.8,-8.7,-3.9,"-44",0.17176470588235293,0.10352941176470588
"2021","Sulser, Cole","642121","Orioles","BAL","R","93.2","547","1070",6.604938271604938,0.5112149532710281,"FF","4-Seam Fastball",13.3,-15,1.7,"11",18.4,8.4,-7.1,1.3,"19",0.8635294117647059,0.6258823529411764
"2021","López, Reynaldo","625643","White Sox","CWS","R","95.8","543","938",5.790123456790123,0.5788912579957356,"FF","4-Seam Fastball",12.9,-14.1,1.2,"8",16.9,7.9,-7.8,0.1,"1",0.7788235294117647,0.49411764705882355
"2021","Taylor, Blake","642130","Astros","HOU","L","93.1","542","748",4.617283950617284,0.7245989304812834,"FF","4-Seam Fastball",15.8,-14.8,-1,"-7",15.7,2.9,-6.8,-9.7,"-143",0.3129411764705882,0
"2021","Thielbar, Caleb","573204","Twins","MIN","L","91.3","542","1106",6.827160493827161,0.49005424954792043,"FF","4-Seam Fastball",13.5,-16,2.5,"16",19.3,2.7,-6.9,-4.1,"-60",0.9552941176470588,0.09176470588235294
"2021","Cabrera, Génesis","650893","Cardinals","STL","L","97.6","539","1195",7.3765432098765435,0.4510460251046025,"FF","4-Seam Fastball",10.5,-12.8,2.3,"18",18.2,7.6,-7.6,0,"0",0.9247058823529412,0.4752941176470588
"2021","Kremer, Dean","665152","Orioles","BAL","R","92.6","538","986",6.08641975308642,0.5456389452332657,"FF","4-Seam Fastball",14.4,-15.4,1,"6",17.7,9.3,-7,2.2,"32",0.7364705882352941,0.7505882352941177
"2021","Boyd, Matthew","571510","Tigers","DET","L","92","535","1273",7.8580246913580245,0.42026708562450904,"FF","4-Seam Fastball",17.2,-15.8,-1.4,"-9",15.2,10.7,-7.3,3.4,"47",0.22588235294117648,0.8423529411764706
"2021","Gray, Sonny","543243","Reds","CIN","R","92.3","530","2228",13.753086419753087,0.2378815080789946,"FF","4-Seam Fastball",16.6,-16,-0.6,"-4",15.3,1.8,-7.6,-5.8,"-76",0.40705882352941175,0.03294117647058824
"2021","Wells, Tyler","669330","Orioles","BAL","R","95.2","524","894",5.518518518518518,0.5861297539149888,"FF","4-Seam Fastball",10.5,-12.7,2.2,"17",19.9,4.3,-5.9,-1.6,"-26",0.908235294117647,0.2917647058823529
"2021","Bednar, David","670280","Pirates","PIT","R","96.7","521","934",5.765432098765432,0.5578158458244111,"FF","4-Seam Fastball",12.7,-13.3,0.5,"4",16.6,8.9,-7.9,1,"13",0.6188235294117647,0.6
"2021","Bundy, Dylan","605164","Angels","LAA","R","90.7","520","1522",9.395061728395062,0.3416557161629435,"FF","4-Seam Fastball",13.9,-16.4,2.5,"15",19.5,5.2,-6.9,-1.7,"-24",0.9552941176470588,0.28
"2021","Hentges, Sam","656529","Guardians","CLE","L","94.6","520","1260",7.777777777777778,0.4126984126984127,"FF","4-Seam Fastball",15.7,-13.4,-2.2,"-17",14.9,6.3,-6.3,0,"1",0.13647058823529412,0.4752941176470588
"2021","Smith, Will","519293","Braves","ATL","L","92.8","510","1079",6.701863354037267,0.4726598702502317,"FF","4-Seam Fastball",14.5,-14.2,-0.2,"-2",17.3,7.1,-6.1,1.1,"18",0.4894117647058824,0.611764705882353
"2021","Lynch IV, Daniel","663738","Royals","KC","L","93.8","509","1257",7.7592592592592595,0.4049323786793954,"FF","4-Seam Fastball",15.8,-14.5,-1.3,"-9",15.2,7.3,-6.9,0.4,"5",0.2635294117647059,0.5388235294117647
"2021","Feyereisen, J.P.","656420","Rays","TB","R","93.1","508","987",6.092592592592593,0.5146909827760892,"FF","4-Seam Fastball",10.9,-14.7,3.8,"26",20.9,5.4,-6.6,-1.2,"-18",0.9929411764705882,0.33647058823529413
"2021","Plutko, Adam","592644","Orioles","BAL","R","91.6","506","1014",6.2592592592592595,0.4990138067061144,"FF","4-Seam Fastball",13.8,-15.8,1.9,"12",18.9,4.4,-6.8,-2.4,"-36",0.8894117647058823,0.21411764705882352
"2021","Hendricks, Kyle","543294","Cubs","CHC","R","87.3","506","2809",17.339506172839506,0.18013527945888216,"FF","4-Seam Fastball",20.5,-18.8,-1.6,"-9",15.4,6.9,-7,0,"-1",0.1952941176470588,0.4752941176470588
"2021","Quintana, Jose","500779","Giants","SF","L","91.5","506","1240",7.654320987654321,0.4080645161290323,"FF","4-Seam Fastball",16.1,-16,-0.1,"-1",16.6,3.6,-6.9,-3.4,"-48",0.52,0.1411764705882353
"2021","Wilson, Bryse","669060","Pirates","PIT","R","93","504","1136",7.012345679012346,0.44366197183098594,"FF","4-Seam Fastball",17.1,-15.7,-1.5,"-9",14.4,6.5,-7.7,-1.3,"-16",0.20941176470588235,0.3247058823529412
"2021","Strickland, Hunter","519326","Brewers","MIL","R","94.9","503","980",6.049382716049383,0.513265306122449,"FF","4-Seam Fastball",16.5,-14.4,-2.1,"-15",14,3.4,-7.3,-3.9,"-53",0.14823529411764705,0.10352941176470588
"2021","Bickford, Phil","641360","Dodgers","LAD","R","93.9","498","776",4.790123456790123,0.6417525773195877,"FF","4-Seam Fastball",14.4,-15.5,1.1,"7",16.6,4,-8.2,-4.2,"-51",0.7552941176470588,0.08235294117647059
"2021","Hill, Tim","657612","Padres","SD","L","92","497","961",5.932098765432099,0.5171696149843913,"FF","4-Seam Fastball",28.7,-28.4,-0.3,"-1",4,19,-18.7,0.2,"1",0.47294117647058825,0.5129411764705882
"2021","Petit, Yusmeiro","433589","Athletics","ATH","R","87.6","496","1081",6.672839506172839,0.4588344125809436,"FF","4-Seam Fastball",17.6,-19.4,1.7,"9",18,5,-5.1,-0.1,"-2",0.8635294117647059,0.46352941176470586
"2021","Kinley, Tyler","641755","Rockies","COL","R","95.9","492","1142",7.093167701863354,0.4308231173380035,"FF","4-Seam Fastball",13.1,-13.1,0,"0",16.6,3.9,-6.4,-2.5,"-39",0.5317647058823529,0.2023529411764706
"2021","García, Jarlín","606424","Giants","SF","L","93.1","490","1002",6.185185185185185,0.48902195608782434,"FF","4-Seam Fastball",18.6,-15.2,-3.5,"-23",12.9,15.6,-7.2,8.4,"117",0.06588235294117648,1
"2021","Staumont, Josh","622251","Royals","KC","R","96.5","482","1096",6.765432098765432,0.4397810218978102,"FF","4-Seam Fastball",11,-12.6,1.6,"13",18.4,3,-6.6,-3.6,"-54",0.8541176470588235,0.12470588235294118
"2021","Ponce de Leon, Daniel","594965","Cardinals","STL","R","93","481","653",4.030864197530864,0.7366003062787136,"FF","4-Seam Fastball",13.3,-14.3,1,"7",18.4,8.7,-6.2,2.5,"41",0.7364705882352941,0.7741176470588236
"2021","Freeland, Kyle","607536","Rockies","COL","L","91.4","480","1886",11.714285714285714,0.2545068928950159,"FF","4-Seam Fastball",19.6,-16.1,-3.4,"-21",12.8,6.3,-7,-0.8,"-11",0.06823529411764706,0.37176470588235294
"2021","Santana, Ervin","429722","Royals","KC","R","93.4","480","1063",6.561728395061729,0.451552210724365,"FF","4-Seam Fastball",17.3,-15.1,-2.2,"-15",14,4.5,-7.1,-2.6,"-37",0.13647058823529412,0.18823529411764706
"2021","Bowden, Ben","641386","Rockies","COL","L","92.4","478","674",4.186335403726708,0.7091988130563798,"FF","4-Seam Fastball",14.9,-15.3,0.4,"3",17,10.5,-6.8,3.7,"55",0.5905882352941176,0.8635294117647059
"2021","De Los Santos, Enyel","660853","Pirates","PIT","R","94.8","477","697",4.302469135802469,0.6843615494978479,"FF","4-Seam Fastball",17,-15.3,-1.7,"-11",13.5,13.1,-8.2,4.9,"60",0.1811764705882353,0.9505882352941176
"2021","Fry, Paul","643316","Orioles","BAL","L","92.8","475","872",5.382716049382716,0.5447247706422018,"FF","4-Seam Fastball",18.9,-16.6,-2.3,"-14",12.8,5.8,-8.9,-3.1,"-35",0.12705882352941175,0.16941176470588235
"2021","Mayers, Mike","594577","Angels","LAA","R","94.5","474","1236",7.62962962962963,0.38349514563106796,"FF","4-Seam Fastball",14.4,-15.1,0.7,"5",16.4,11.2,-7.9,3.3,"42",0.6752941176470588,0.8376470588235294
"2021","Brubaker, JT","664141","Pirates","PIT","R","92.9","474","1944",12,0.24382716049382716,"FF","4-Seam Fastball",15.8,-15.1,-0.7,"-5",15.9,8.7,-6.9,1.8,"26",0.3835294117647059,0.6941176470588235
"2021","Vesia, Alex","681911","Dodgers","LAD","L","93.8","471","651",4.018518518518518,0.7235023041474654,"FF","4-Seam Fastball",11.5,-15,3.5,"24",19.7,6.8,-7.5,-0.7,"-9",0.9882352941176471,0.3835294117647059
"2021","Zimmer, Kyle","622092","Royals","KC","R","94.1","471","934",5.765432098765432,0.5042826552462527,"FF","4-Seam Fastball",15.5,-14.8,-0.7,"-5",15.3,0.4,-7.4,-7.7,"-105",0.3835294117647059,0.009411764705882352
"2021","Duffey, Tyler","608648","Twins","MIN","R","92.5","469","1053",6.5,0.4453941120607787,"FF","4-Seam Fastball",15.8,-15.3,-0.6,"-4",16.2,5.6,-6.8,-1.3,"-18",0.40705882352941175,0.3247058823529412
"2021","Scott, Tanner","656945","Orioles","BAL","L","96.8","469","1032",6.37037037037037,0.45445736434108525,"FF","4-Seam Fastball",13.7,-14,0.3,"2",15.6,4.4,-8.5,-4.1,"-48",0.5788235294117647,0.09176470588235294
"2021","Norris, Daniel","596057","Brewers","MIL","L","92.7","469","988",6.098765432098766,0.47469635627530365,"FF","4-Seam Fastball",15.4,-15.7,0.2,"2",16.4,6.5,-7.4,-0.9,"-12",0.56,0.36470588235294116
"2021","Jiménez, Joe","641729","Tigers","DET","R","94.7","468","866",5.345679012345679,0.5404157043879908,"FF","4-Seam Fastball",12.7,-14.4,1.6,"11",17.9,8.5,-7.3,1.2,"16",0.8541176470588235,0.6188235294117647
"2021","Smith, Burch","572143","Athletics","ATH","R","93.4","467","678",4.185185185185185,0.6887905604719764,"FF","4-Seam Fastball",14.4,-15.2,0.8,"5",17,7,-7.4,-0.4,"-5",0.7035294117647058,0.4117647058823529
"2021","Foster, Matt","641582","White Sox","CWS","R","93.6","463","729",4.5,0.635116598079561,"FF","4-Seam Fastball",12.6,-14.9,2.3,"16",18.7,6.6,-7,-0.4,"-5",0.9247058823529412,0.4117647058823529
"2021","Gilbreath, Lucas","656458","Rockies","COL","L","93.3","461","731",4.540372670807454,0.6306429548563611,"FF","4-Seam Fastball",16.1,-15.3,-0.8,"-5",15.1,0.2,-7.4,-7.2,"-97",0.3623529411764706,0.01411764705882353
"2021","Maeda, Kenta","628317","Twins","MIN","R","90.6","460","1775",10.95679012345679,0.2591549295774648,"FF","4-Seam Fastball",17.5,-16.6,-0.9,"-5",15.8,7.8,-7.3,0.5,"7",0.3341176470588235,0.5552941176470588
"2021","Bassitt, Chris","605135","Athletics","ATH","R","93.2","458","2381",14.697530864197532,0.19235615287694247,"FF","4-Seam Fastball",16.9,-15.7,-1.1,"-7",14.5,7.7,-7.9,-0.2,"-3",0.28705882352941176,0.4447058823529412
"2021","Barnes, Matt","598264","Red Sox","BOS","R","95.8","458","919",5.672839506172839,0.49836779107725787,"FF","4-Seam Fastball",12.4,-13.1,0.6,"5",17.5,10.9,-6.9,4,"57",0.6517647058823529,0.9058823529411765
"2021","López, Jorge","605347","Orioles","BAL","R","95.3","456","2166",13.37037037037037,0.21052631578947367,"FF","4-Seam Fastball",15.1,-14.3,-0.8,"-6",15.1,9.5,-7.7,1.8,"24",0.3623529411764706,0.6941176470588235
"2021","Zimmermann, Bruce","669145","Orioles","BAL","L","91.4","455","1105",6.820987654320987,0.4117647058823529,"FF","4-Seam Fastball",16.6,-15.7,-0.9,"-6",16.2,6.2,-6.6,-0.4,"-6",0.3341176470588235,0.4117647058823529
"2021","Germán, Domingo","593334","Yankees","NYY","R","93.4","453","1576",9.728395061728396,0.28743654822335024,"FF","4-Seam Fastball",15.6,-16.1,0.6,"3",15.9,8.9,-8.5,0.4,"5",0.6517647058823529,0.5388235294117647
"2021","Dunn, Justin","643290","Mariners","SEA","R","93.7","450","870",5.37037037037037,0.5172413793103449,"FF","4-Seam Fastball",12.5,-14.9,2.4,"16",18.7,9.6,-7.3,2.3,"31",0.9435294117647058,0.76
"2021","Watkins, Spenser","657093","Orioles","BAL","R","90.8","447","960",5.925925925925926,0.465625,"FF","4-Seam Fastball",15.4,-15.9,0.5,"3",17.9,0.3,-6.3,-6,"-96",0.6188235294117647,0.02588235294117647
"2021","Thompson, Keegan","624522","Cubs","CHC","R","93.9","446","966",5.962962962962963,0.4616977225672878,"FF","4-Seam Fastball",15.6,-15.3,-0.2,"-1",15.4,6,-7.9,-1.9,"-24",0.4894117647058824,0.2635294117647059
"2021","Fairbanks, Pete","664126","Rays","TB","R","97.1","446","774",4.777777777777778,0.5762273901808785,"FF","4-Seam Fastball",11.1,-11.5,0.4,"4",18,1.2,-5.3,-6.5,"-122",0.5905882352941176,0.021176470588235293
"2021","Neris, Héctor","593576","Phillies","PHI","R","94.1","446","1243",7.672839506172839,0.3588093322606597,"FF","4-Seam Fastball",14.9,-15.2,0.2,"2",16,9.4,-7.8,1.6,"21",0.56,0.6494117647058824
"2021","Hand, Brad","543272","Mets","NYM","L","92.9","444","1076",6.6419753086419755,0.41263940520446096,"FF","4-Seam Fastball",16.8,-15.4,-1.4,"-9",15.1,11.9,-7.1,4.8,"67",0.22588235294117648,0.9435294117647058
"2021","Houck, Tanner","656557","Red Sox","BOS","R","94.5","443","1149",7.092592592592593,0.3855526544821584,"FF","4-Seam Fastball",22.7,-15.8,-6.8,"-43",7.8,6.3,-9,-2.6,"-29",0.002352941176470588,0.18823529411764706
"2021","Cisnero, José","542585","Tigers","DET","R","96.7","437","1067",6.58641975308642,0.4095595126522962,"FF","4-Seam Fastball",14.3,-14.8,0.5,"3",15,10.6,-9,1.6,"17",0.6188235294117647,0.6494117647058824
"2021","Steele, Justin","657006","Cubs","CHC","L","93.2","436","964",5.950617283950617,0.45228215767634855,"FF","4-Seam Fastball",16,-15.1,-0.9,"-6",15.4,2,-7.1,-5.1,"-71",0.3341176470588235,0.042352941176470586
"2021","Canning, Griffin","656288","Angels","LAA","R","93.6","435","1076",6.6419753086419755,0.40427509293680297,"FF","4-Seam Fastball",12.4,-15.1,2.7,"18",18.9,9.3,-7.2,2,"28",0.9741176470588235,0.7223529411764706
"2021","Helsley, Ryan","664854","Cardinals","STL","R","97.4","435","805",4.969135802469136,0.5403726708074534,"FF","4-Seam Fastball",11.7,-12.6,0.9,"7",17.1,3.3,-7.6,-4.3,"-57",0.7223529411764706,0.08
"2021","Bradley, Archie","605151","Phillies","PHI","R","94","434","921",5.685185185185185,0.47122692725298587,"FF","4-Seam Fastball",14.6,-14.4,-0.3,"-2",16.4,8.4,-7,1.4,"21",0.47294117647058825,0.6376470588235295
"2021","Duffy, Danny","518633","Royals","KC","L","93.7","432","1009",6.228395061728395,0.42814667988107036,"FF","4-Seam Fastball",11.9,-14.8,2.9,"19",19.3,5.2,-7.2,-2,"-27",0.9811764705882353,0.2541176470588235
"2021","Gonsolin, Tony","664062","Dodgers","LAD","R","93.8","431","990",6.111111111111111,0.4353535353535353,"FF","4-Seam Fastball",13.4,-14.6,1.2,"8",17.7,6.8,-6.8,0,"0",0.7788235294117647,0.4752941176470588
"2021","Rainey, Tanner","663432","Nationals","WSH","R","96.3","430","665",4.104938271604938,0.6466165413533834,"FF","4-Seam Fastball",11.5,-13.4,2,"15",18.1,8.4,-7.4,0.9,"12",0.8941176470588236,0.5905882352941176
"2021","Sawamura, Hirokazu","617228","Red Sox","BOS","R","96","429","944",5.827160493827161,0.4544491525423729,"FF","4-Seam Fastball",13.2,-13.9,0.7,"5",16.4,8.3,-7.9,0.4,"5",0.6752941176470588,0.5388235294117647
"2021","Civale, Aaron","650644","Guardians","CLE","R","91.4","428","1909",11.783950617283951,0.22420115243583028,"FF","4-Seam Fastball",15.1,-15.9,0.8,"5",17.4,3.3,-7,-3.6,"-52",0.7035294117647058,0.12470588235294118
"2021","Underwood Jr., Duane","621249","Pirates","PIT","R","94.1","424","1177",7.265432098765432,0.3602378929481733,"FF","4-Seam Fastball",15.4,-14.2,-1.1,"-8",15.5,8.4,-6.8,1.6,"23",0.28705882352941176,0.6494117647058824
"2021","Montgomery, Jordan","656756","Yankees","NYY","L","92.5","424","2570",15.864197530864198,0.1649805447470817,"FF","4-Seam Fastball",15.6,-14.3,-1.3,"-9",16.5,7.2,-6,1.3,"22",0.2635294117647059,0.6258823529411764
"2021","Hernández, Elieser","622694","Marlins","MIA","R","90.9","421","818",5.049382716049383,0.5146699266503667,"FF","4-Seam Fastball",15.8,-17,1.2,"7",17.4,5.3,-7.8,-2.5,"-32",0.7788235294117647,0.2023529411764706
"2021","Miley, Wade","489119","Reds","CIN","L","89.9","414","2592",16,0.1597222222222222,"FF","4-Seam Fastball",17.1,-16.3,-0.8,"-5",16.7,2.8,-6,-3.2,"-53",0.3623529411764706,0.16470588235294117
"2021","Brogdon, Connor","641401","Phillies","PHI","R","96","414","923",5.697530864197531,0.4485373781148429,"FF","4-Seam Fastball",13.2,-13.4,0.2,"2",16.7,10.4,-7.6,2.8,"37",0.56,0.8
"2021","Guerra, Deolis","500610","Athletics","ATH","R","90.7","409","1086",6.703703703703703,0.3766114180478821,"FF","4-Seam Fastball",16.2,-15.7,-0.4,"-3",17.2,12.1,-5.6,6.5,"116",0.45176470588235296,0.9858823529411764
"2021","Givens, Mychal","571710","Reds","CIN","R","94.7","407","872",5.382716049382716,0.46674311926605505,"FF","4-Seam Fastball",18,-16.8,-1.1,"-7",12.4,8.7,-9.6,-0.9,"-9",0.28705882352941176,0.36470588235294116
"2021","Peralta, Wily","503449","Tigers","DET","R","93.7","405","1554",9.592592592592593,0.2606177606177606,"FF","4-Seam Fastball",15.5,-14.2,-1.4,"-10",15.5,7.1,-6.3,0.8,"12",0.22588235294117648,0.5835294117647059
"2021","Barlow, Scott","605130","Royals","KC","R","95.3","405","1223",7.549382716049383,0.3311529026982829,"FF","4-Seam Fastball",15.8,-14.7,-1.1,"-8",14.2,5.3,-8.4,-3.2,"-37",0.28705882352941176,0.16470588235294117
"2021","Bard, Daniel","453268","Rockies","COL","R","97.5","404","1216",7.552795031055901,0.33223684210526316,"FF","4-Seam Fastball",18.6,-14.2,-4.3,"-30",9.9,9.4,-9.3,0.1,"1",0.03529411764705882,0.49411764705882355
"2021","Leone, Dominic","608678","Giants","SF","R","95.5","403","851",5.253086419753086,0.4735605170387779,"FF","4-Seam Fastball",14.5,-13.9,-0.6,"-4",15.4,6,-7.4,-1.5,"-20",0.40705882352941175,0.3035294117647059
"2021","Clarke, Taylor","664199","D-backs","AZ","R","95.5","402","753",4.648148148148148,0.5338645418326693,"FF","4-Seam Fastball",12.6,-13.8,1.2,"9",17.4,6.1,-7.1,-1.1,"-15",0.7788235294117647,0.3458823529411765
"2021","Holland, Greg","518813","Royals","KC","R","92.8","402","997",6.154320987654321,0.40320962888665995,"FF","4-Seam Fastball",14.2,-15.4,1.2,"8",17.5,0.2,-7.1,-6.9,"-98",0.7788235294117647,0.018823529411764704
"2021","White, Mitch","669952","Dodgers","LAD","R","94.4","400","762",4.703703703703703,0.5249343832020997,"FF","4-Seam Fastball",13.8,-14.4,0.6,"4",16.9,3,-7.2,-4.2,"-58",0.6517647058823529,0.08235294117647059
"2021","Patton, Spencer","607359","Rangers","TEX","R","93.4","398","705",4.351851851851852,0.5645390070921986,"FF","4-Seam Fastball",15.7,-16.3,0.5,"3",15.6,9.6,-8.8,0.8,"10",0.6188235294117647,0.5835294117647059
"2021","Almonte, Yency","622075","Rockies","COL","R","94.2","392","870",5.403726708074534,0.45057471264367815,"FF","4-Seam Fastball",19.4,-14.8,-4.6,"-31",11.3,7.1,-7.5,-0.5,"-6",0.02823529411764706,0.4
"2021","Newcomb, Sean","656794","Braves","ATL","L","95.6","388","673",4.180124223602484,0.5765230312035661,"FF","4-Seam Fastball",13.7,-13.3,-0.4,"-3",16.2,5.1,-6.6,-1.5,"-23",0.45176470588235296,0.3035294117647059
"2021","Garrett, Amir","607237","Reds","CIN","L","94.8","386","828",5.111111111111111,0.46618357487922707,"FF","4-Seam Fastball",15.4,-13.9,-1.6,"-11",15,9.2,-6.8,2.3,"34",0.1952941176470588,0.76
"2021","Wells, Alex","649144","Orioles","BAL","L","88.5","383","754",4.654320987654321,0.5079575596816976,"FF","4-Seam Fastball",16.7,-17.4,0.7,"4",18.4,7.9,-6.1,1.8,"30",0.6752941176470588,0.6941176470588235
"2021","Reyes, Alex","621052","Cardinals","STL","R","96.6","383","1249",7.709876543209877,0.3066453162530024,"FF","4-Seam Fastball",11.8,-13.3,1.5,"11",17.5,5.1,-7.3,-2.2,"-30",0.8329411764705882,0.23058823529411765
"2021","Stephenson, Robert","596112","Rockies","COL","R","96.5","379","767",4.763975155279503,0.4941329856584094,"FF","4-Seam Fastball",14.1,-13.8,-0.3,"-2",15.3,12.2,-8,4.1,"51",0.47294117647058825,0.9152941176470588
"2021","Kay, Anthony","641743","Blue Jays","TOR","L","94.5","379","649",4.006172839506172,0.5839753466872111,"FF","4-Seam Fastball",15.3,-14.8,-0.5,"-4",15.3,5.8,-7.4,-1.5,"-21",0.43529411764705883,0.3035294117647059
"2021","Pressly, Ryan","519151","Astros","HOU","R","95.4","378","956",5.901234567901234,0.39539748953974896,"FF","4-Seam Fastball",12.9,-14,1.1,"8",17.1,1,-7.3,-6.3,"-87",0.7552941176470588,0.023529411764705882
"2021","Wendelken, J.B.","605525","D-backs","AZ","R","94.3","378","749",4.6234567901234565,0.5046728971962616,"FF","4-Seam Fastball",16.4,-14.8,-1.6,"-11",14.4,2.8,-7.5,-4.7,"-63",0.1952941176470588,0.058823529411764705
"2021","Armstrong, Shawn","542888","Rays","TB","R","93.9","378","685",4.228395061728395,0.5518248175182482,"FF","4-Seam Fastball",14.9,-14.6,-0.2,"-2",16.3,3.6,-7.1,-3.5,"-50",0.4894117647058824,0.13176470588235295
"2021","De Jong, Chase","608328","Pirates","PIT","R","92.9","378","775",4.783950617283951,0.48774193548387096,"FF","4-Seam Fastball",13.3,-15.3,2.1,"13",18.4,2.6,-7.1,-4.4,"-63",0.9011764705882352,0.07058823529411765
"2021","Jackson, Luke","592426","Braves","ATL","R","95.8","376","1055",6.552795031055901,0.35639810426540286,"FF","4-Seam Fastball",12.3,-12.8,0.5,"4",17.6,7.2,-6.3,0.9,"14",0.6188235294117647,0.5905882352941176
"2021","Shreve, Chasen","592741","Pirates","PIT","L","91.6","376","935",5.771604938271605,0.4021390374331551,"FF","4-Seam Fastball",15.5,-16.2,0.8,"5",17.2,9.3,-7.3,2,"27",0.7035294117647058,0.7223529411764706
"2021","Andriese, Matt","542882","Mariners","SEA","R","92","375","855",5.277777777777778,0.43859649122807015,"FF","4-Seam Fastball",15,-16,1,"6",17.4,6.9,-7.4,-0.5,"-7",0.7364705882352941,0.4
"2021","Iglesias, Raisel","628452","Angels","LAA","R","96.3","372","1059",6.537037037037037,0.35127478753541075,"FF","4-Seam Fastball",13.4,-14.3,1,"7",16.2,9.8,-8.3,1.6,"19",0.7364705882352941,0.6494117647058824
"2021","Minter, A.J.","621345","Braves","ATL","L","96.1","372","876",5.440993788819876,0.4246575342465753,"FF","4-Seam Fastball",13,-14.4,1.4,"10",16.7,6.3,-8.3,-2,"-24",0.8188235294117647,0.2541176470588235
"2021","García, Yimi","554340","Astros","HOU","R","96","369","943",5.820987654320987,0.391304347826087,"FF","4-Seam Fastball",17.2,-15.9,-1.3,"-8",12.5,6.7,-9.6,-2.9,"-30",0.2635294117647059,0.17647058823529413
"2021","Lamet, Dinelson","659275","Padres","SD","R","95.5","369","832",5.135802469135802,0.44350961538461536,"FF","4-Seam Fastball",13.6,-13.9,0.3,"2",16.4,5.4,-7.1,-1.7,"-25",0.5788235294117647,0.28
"2021","Howard, Sam","607572","Pirates","PIT","L","93.4","366","846",5.222222222222222,0.4326241134751773,"FF","4-Seam Fastball",13.5,-15.1,1.7,"11",17.9,9.8,-7.1,2.7,"38",0.8635294117647059,0.7905882352941176
"2021","Allen, Logan","663531","Guardians","CLE","L","92.7","366","874",5.395061728395062,0.41876430205949655,"FF","4-Seam Fastball",16.3,-15.2,-1,"-7",15.5,6.9,-6.9,0,"0",0.3129411764705882,0.4752941176470588
"2021","Quijada, José","650671","Angels","LAA","L","93.6","366","499",3.080246913580247,0.7334669338677354,"FF","4-Seam Fastball",15.9,-15.8,0,"0",15.4,6.6,-8.4,-1.8,"-22",0.5317647058823529,0.27058823529411763
"2021","Kuhl, Chad","641771","Pirates","PIT","R","94.2","365","1436",8.864197530864198,0.2541782729805014,"FF","4-Seam Fastball",16.9,-14.8,-2.1,"-14",13.8,10.1,-7.7,2.4,"32",0.14823529411764705,0.7647058823529411
"2021","Keller, Kyle","664918","Pirates","PIT","R","94.5","364","654",4.037037037037037,0.5565749235474006,"FF","4-Seam Fastball",13.2,-14.3,1.1,"8",17.4,7.2,-7.2,0.1,"1",0.7552941176470588,0.49411764705882355
"2021","Suarez, Ranger","624133","Phillies","PHI","L","93.7","364","1614",9.962962962962964,0.2255266418835192,"FF","4-Seam Fastball",19,-15.1,-3.9,"-26",12.2,7.4,-7.3,0.1,"1",0.047058823529411764,0.49411764705882355
"2021","Gibson, Kyle","502043","Phillies","PHI","R","92.8","362","2881",17.78395061728395,0.1256508156889969,"FF","4-Seam Fastball",15.5,-14.4,-1.1,"-7",16.4,5.6,-6.1,-0.5,"-8",0.28705882352941176,0.4
"2021","Alzolay, Adbert","640470","Cubs","CHC","R","94","361","1955",12.067901234567902,0.1846547314578005,"FF","4-Seam Fastball",14.2,-14.5,0.4,"3",16.8,7.8,-7,0.8,"11",0.5905882352941176,0.5835294117647059
"2021","Soria, Joakim","465657","Blue Jays","TOR","R","92.8","359","605",3.734567901234568,0.5933884297520661,"FF","4-Seam Fastball",14.2,-15.4,1.2,"8",17.7,4.9,-7.2,-2.3,"-31",0.7788235294117647,0.22588235294117648
"2021","Santillan, Tony","663574","Reds","CIN","R","95","358","761",4.697530864197531,0.4704336399474376,"FF","4-Seam Fastball",15.8,-15,-0.8,"-6",14.4,10.5,-8,2.5,"31",0.3623529411764706,0.7741176470588236
"2021","Machado, Andrés","600921","Nationals","WSH","R","94.9","358","627",3.8703703703703702,0.5709728867623605,"FF","4-Seam Fastball",13.3,-14.4,1.2,"8",17,4.4,-7.8,-3.4,"-43",0.7788235294117647,0.1411764705882353
"2021","Faria, Jake","607188","D-backs","AZ","R","92.3","358","639",3.9444444444444446,0.5602503912363067,"FF","4-Seam Fastball",13.8,-15,1.3,"8",18.5,4.3,-6.5,-2.2,"-33",0.8070588235294117,0.23058823529411765
"2021","Carrasco, Carlos","471911","Mets","NYM","R","93.4","355","889",5.487654320987654,0.39932508436445446,"FF","4-Seam Fastball",16.4,-15.2,-1.1,"-8",14.9,7.1,-7.4,-0.4,"-5",0.28705882352941176,0.4117647058823529
"2021","Sandoval, Patrick","663776","Angels","LAA","L","93.2","354","1444",8.91358024691358,0.2451523545706371,"FF","4-Seam Fastball",15,-14.9,-0.1,"-1",16.5,2.9,-6.9,-4,"-58",0.52,0.09647058823529411
"2021","Thornton, Trent","663423","Blue Jays","TOR","R","93.9","354","910",5.617283950617284,0.389010989010989,"FF","4-Seam Fastball",14,-15.4,1.4,"9",17,3.3,-7.9,-4.6,"-59",0.8188235294117647,0.06588235294117648
"2021","Curtiss, John","595928","Brewers","MIL","R","94.9","353","703",4.339506172839506,0.5021337126600285,"FF","4-Seam Fastball",13.3,-13.6,0.3,"3",17.2,6,-6.6,-0.6,"-9",0.5788235294117647,0.39294117647058824
"2021","Martinez, Carlos","593372","Cardinals","STL","R","93.4","352","1281",7.907407407407407,0.27478532396565186,"FF","4-Seam Fastball",19.2,-16.5,-2.7,"-16",12.1,8.8,-9,-0.2,"-2",0.1011764705882353,0.4447058823529412
"2021","Wilson, Justin","458677","Reds","CIN","L","93.6","351","604",3.728395061728395,0.5811258278145696,"FF","4-Seam Fastball",12.2,-14.4,2.3,"16",19.2,6.4,-6.6,-0.2,"-2",0.9247058823529412,0.4447058823529412
"2021","Sale, Chris","519242","Red Sox","BOS","L","93.6","350","736",4.54320987654321,0.47554347826086957,"FF","4-Seam Fastball",19.2,-15.8,-3.4,"-21",12.1,13.2,-8.4,4.8,"58",0.06823529411764706,0.9435294117647058
"2021","Kowar, Jackson","663804","Royals","KC","R","95.6","349","631",3.8950617283950617,0.5530903328050714,"FF","4-Seam Fastball",15,-14.1,-0.9,"-6",14.9,12.5,-7.5,5,"66",0.3341176470588235,0.9576470588235294
"2021","Vest, Will","676684","Mariners","SEA","R","93.5","345","607",3.746913580246914,0.5683690280065898,"FF","4-Seam Fastball",16.9,-15.5,-1.4,"-9",14.4,11.3,-7.8,3.5,"45",0.22588235294117648,0.851764705882353
"2021","Williams, Devin","642207","Brewers","MIL","R","95.4","345","993",6.12962962962963,0.3474320241691843,"FF","4-Seam Fastball",15.2,-14.1,-1.1,"-7",15,13.1,-7.7,5.4,"70",0.28705882352941176,0.9694117647058823
"2021","Yarbrough, Ryan","642232","Rays","TB","L","86.4","344","2488",15.358024691358025,0.1382636655948553,"FF","4-Seam Fastball",25.5,-20.2,-5.3,"-26",11.4,14.1,-7.8,6.3,"80",0.018823529411764704,0.9811764705882353
"2021","Farmer, Buck","571656","Tigers","DET","R","94","343","726",4.481481481481482,0.4724517906336088,"FF","4-Seam Fastball",15.4,-14.8,-0.5,"-4",15.6,11.7,-7.2,4.5,"63",0.43529411764705883,0.9317647058823529
"2021","Johnson, Pierce","572955","Padres","SD","R","95.5","340","1045",6.450617283950617,0.3253588516746411,"FF","4-Seam Fastball",13.9,-14.3,0.4,"3",16.2,11.2,-7.3,3.9,"53",0.5905882352941176,0.8988235294117647
"2021","Payamps, Joel","606303","Royals","KC","R","94.8","339","825",5.092592592592593,0.4109090909090909,"FF","4-Seam Fastball",14,-14.7,0.7,"4",16.3,9.1,-7.4,1.7,"22",0.6752941176470588,0.6847058823529412
"2021","Minaya, Juan","573668","Twins","MIN","R","95.2","339","659",4.067901234567901,0.5144157814871017,"FF","4-Seam Fastball",16.2,-14.3,-1.9,"-13",14,10.9,-7.6,3.2,"43",0.1623529411764706,0.8305882352941176
"2021","Swanson, Erik","657024","Mariners","SEA","R","94.7","338","564",3.4814814814814814,0.599290780141844,"FF","4-Seam Fastball",11.6,-13.4,1.8,"13",19,8.5,-6.4,2.1,"34",0.88,0.731764705882353
"2021","Sims, Lucas","608371","Reds","CIN","R","95.1","336","815",5.030864197530864,0.41226993865030676,"FF","4-Seam Fastball",12.2,-15.3,3.1,"20",18.1,8.5,-8.2,0.3,"4",0.9858823529411764,0.5247058823529411
"2021","Mills, Alec","621219","Cubs","CHC","R","88.7","334","1936",11.950617283950617,0.1725206611570248,"FF","4-Seam Fastball",20.7,-17.8,-2.9,"-16",14,9.3,-7.5,1.9,"25",0.09176470588235294,0.7152941176470589
"2021","Bielak, Brandon","656232","Astros","HOU","R","94","334","835",5.154320987654321,0.4,"FF","4-Seam Fastball",15.8,-14.8,-1,"-7",15.2,5.2,-6.9,-1.7,"-25",0.3129411764705882,0.28
"2021","Barria, Jaime","642545","Angels","LAA","R","93.1","333","917",5.660493827160494,0.36314067611777534,"FF","4-Seam Fastball",15,-14.4,-0.6,"-4",16.5,4.5,-6.4,-1.8,"-29",0.40705882352941175,0.27058823529411763
"2021","Ginkel, Kevin","656464","D-backs","AZ","R","94.6","331","556",3.432098765432099,0.5953237410071942,"FF","4-Seam Fastball",14.9,-13.6,-1.3,"-9",15.8,10.6,-6.6,4,"60",0.2635294117647059,0.9058823529411765
"2021","Floro, Dylan","571670","Marlins","MIA","R","93.8","331","1076",6.6419753086419755,0.3076208178438662,"FF","4-Seam Fastball",16,-14.7,-1.4,"-9",15.3,9.8,-7,2.8,"40",0.22588235294117648,0.8
"2021","Peterson, David","656849","Mets","NYM","L","92.7","330","1122",6.925925925925926,0.29411764705882354,"FF","4-Seam Fastball",17,-14.9,-2.2,"-14",14.9,10.4,-6.5,3.8,"59",0.13647058823529412,0.88
"2021","Parker, Blake","453284","Guardians","CLE","R","90.7","330","713",4.401234567901234,0.4628330995792426,"FF","4-Seam Fastball",17.3,-15.9,-1.4,"-9",15.7,2.7,-6,-3.3,"-55",0.22588235294117648,0.15764705882352942
"2021","Cimber, Adam","643256","Blue Jays","TOR","R","87","328","1022",6.308641975308642,0.32093933463796476,"FF","4-Seam Fastball",31.8,-31.8,0,"0",4.5,11.8,-11.7,0,"0",0.5317647058823529,0.4752941176470588
"2021","Alcala, Jorge","660896","Twins","MIN","R","97.4","327","869",5.364197530864198,0.3762945914844649,"FF","4-Seam Fastball",12.9,-12.5,-0.4,"-3",16.1,10.8,-7,3.8,"54",0.45176470588235296,0.88
"2021","Quantrill, Cal","615698","Guardians","CLE","R","94.4","326","2334",14.407407407407407,0.13967437874892888,"FF","4-Seam Fastball",14.5,-13.7,-0.8,"-6",16.1,8.4,-6.4,2.1,"33",0.3623529411764706,0.731764705882353
"2021","Kranick, Max","668820","Pirates","PIT","R","94.2","326","674",4.160493827160494,0.4836795252225519,"FF","4-Seam Fastball",13.6,-14.6,1,"7",17.3,6.6,-7.3,-0.8,"-10",0.7364705882352941,0.37176470588235294
"2021","Colomé, Alex","517008","Twins","MIN","R","93.7","325","1102",6.802469135802469,0.29491833030852993,"FF","4-Seam Fastball",13,-14.3,1.3,"9",18.1,2.3,-6.6,-4.2,"-64",0.8070588235294117,0.08235294117647059
"2021","Pomeranz, Drew","519141","Padres","SD","L","93.9","324","430",2.654320987654321,0.7534883720930232,"FF","4-Seam Fastball",12.3,-14.7,2.4,"17",18.9,2.3,-6.9,-4.5,"-66",,
"2021","Thompson, Zach","605507","Marlins","MIA","R","92.2","323","1194",7.37037037037037,0.2705192629815745,"FF","4-Seam Fastball",17.1,-14.8,-2.4,"-16",15.1,2.5,-6.1,-3.6,"-59",0.11764705882352941,0.12470588235294118
"2021","Santiago, Héctor","502327","Mariners","SEA","L","90.9","321","491",3.0308641975308643,0.6537678207739308,"FF","4-Seam Fastball",17.8,-16.7,-1,"-6",15.4,12,-7.6,4.3,"57",0.3129411764705882,0.9223529411764706
"2021","Diplán, Marcos","650959","Orioles","BAL","R","93.7","319","512",3.1604938271604937,0.623046875,"FF","4-Seam Fastball",14,-14.3,0.4,"2",17.3,0.8,-6.8,-6,"-88",0.5905882352941176,0.02588235294117647
"2021","Misiewicz, Anthony","664948","Mariners","SEA","L","94.3","318","894",5.518518518518518,0.35570469798657717,"FF","4-Seam Fastball",14.7,-14.9,0.2,"1",16,8.5,-7.4,1.1,"15",0.56,0.611764705882353
"2021","Tepera, Ryan","572193","White Sox","CWS","R","93.3","316","948",5.851851851851852,0.3333333333333333,"FF","4-Seam Fastball",14.6,-15.3,0.7,"4",17,7.9,-7.4,0.5,"7",0.6752941176470588,0.5552941176470588
"2021","Smith, Drew","622098","Mets","NYM","R","95","316","610",3.765432098765432,0.5180327868852459,"FF","4-Seam Fastball",13.2,-15,1.8,"12",17.2,6.5,-8,-1.4,"-18",0.88,0.3129411764705882
"2021","Springs, Jeffrey","605488","Rays","TB","L","93.4","315","751",4.635802469135802,0.4194407456724368,"FF","4-Seam Fastball",13.5,-15.1,1.5,"10",18.1,10.9,-7.2,3.7,"51",0.8329411764705882,0.8635294117647059
"2021","Evans, Demarcus","663770","Rangers","TEX","R","91","315","522",3.2222222222222223,0.603448275862069,"FF","4-Seam Fastball",10.9,-15.1,4.2,"28",22.3,1.9,-5.2,-3.4,"-64",0.9976470588235294,0.1411764705882353
"2021","Houser, Adrian","605288","Brewers","MIL","R","94.1","315","2352",14.518518518518519,0.13392857142857142,"FF","4-Seam Fastball",15.4,-14.2,-1.1,"-8",15.5,8.4,-6.8,1.6,"24",0.28705882352941176,0.6494117647058824
"2021","Díaz, Miguel","622766","Padres","SD","R","94.4","314","695",4.290123456790123,0.45179856115107914,"FF","4-Seam Fastball",15.6,-15,-0.7,"-4",15.1,12.8,-7.5,5.3,"71",0.3835294117647059,0.9670588235294117
"2021","Barnes, Jacob","606930","Blue Jays","TOR","R","94.8","312","570",3.5185185185185186,0.5473684210526316,"FF","4-Seam Fastball",11.9,-14.3,2.4,"17",18.6,2.7,-7.4,-4.7,"-63",0.9435294117647058,0.058823529411764705
"2021","Trivino III, Lou","642152","Athletics","ATH","R","95.6","311","1177",7.265432098765432,0.26423109600679695,"FF","4-Seam Fastball",15.2,-13.8,-1.4,"-10",14.7,8.3,-7.6,0.7,"9",0.22588235294117648,0.571764705882353
"2021","Davis, Wade","451584","Royals","KC","R","92.7","310","769",4.746913580246914,0.40312093628088425,"FF","4-Seam Fastball",14.1,-14.8,0.7,"5",17.6,3.1,-6.5,-3.4,"-52",0.6752941176470588,0.1411764705882353
"2021","Montero, Rafael","606160","Astros","HOU","R","95.8","309","872",5.382716049382716,0.3543577981651376,"FF","4-Seam Fastball",15.6,-15.6,0,"0",14.2,9,-9.4,-0.4,"-4",0.5317647058823529,0.4117647058823529
"2021","Long, Sam","669674","Giants","SF","L","92.6","309","732",4.518518518518518,0.42213114754098363,"FF","4-Seam Fastball",14,-15.2,1.2,"8",17.9,7.1,-6.8,0.2,"3",0.7788235294117647,0.5129411764705882
"2021","Lowther, Zac","675912","Orioles","BAL","L","90.7","309","571",3.5246913580246915,0.5411558669001751,"FF","4-Seam Fastball",17.6,-16.7,-0.9,"-5",15.9,12.1,-6.4,5.8,"90",0.3341176470588235,0.9764705882352941
"2021","Middleton, Keynan","641871","Mariners","SEA","R","95.4","306","530",3.271604938271605,0.5773584905660377,"FF","4-Seam Fastball",12.6,-13.8,1.1,"8",17.6,7.6,-7.3,0.3,"4",0.7552941176470588,0.5247058823529411
"2021","Megill, Trevor","656730","Cubs","CHC","R","96.4","306","460",2.8395061728395063,0.6652173913043479,"FF","4-Seam Fastball",13,-12.5,-0.5,"-4",16.3,5,-6.4,-1.4,"-22",,
"2021","Detwiler, Ross","446321","Padres","SD","L","91.9","301","888",5.481481481481482,0.33896396396396394,"FF","4-Seam Fastball",16,-15.2,-0.8,"-6",16.5,10.5,-6.6,3.9,"59",0.3623529411764706,0.8988235294117647
"2021","Ponce, Cody","664074","Pirates","PIT","R","93.2","300","712",4.395061728395062,0.42134831460674155,"FF","4-Seam Fastball",16,-14.6,-1.4,"-10",15.4,8.4,-6.8,1.6,"24",0.22588235294117648,0.6494117647058824
"2021","Wainwright, Adam","425794","Cardinals","STL","R","89","299","3068",18.938271604938272,0.09745762711864407,"FF","4-Seam Fastball",19.9,-17.3,-2.6,"-15",14.5,1.7,-6.1,-4.4,"-73",0.10823529411764705,0.07058823529411765
"2021","Turnbull, Spencer","605513","Tigers","DET","R","93.8","299","775",4.783950617283951,0.3858064516129032,"FF","4-Seam Fastball",18.6,-15,-3.6,"-24",12.3,2.5,-7.5,-5,"-67",0.0611764705882353,0.047058823529411764
"2021","Abreu, Bryan","650556","Astros","HOU","R","95.6","298","689",4.253086419753086,0.432510885341074,"FF","4-Seam Fastball",13,-13.9,0.9,"7",17.1,7.8,-7.5,0.3,"4",0.7223529411764706,0.5247058823529411
"2021","Burr, Ryan","621114","White Sox","CWS","R","94.7","298","593",3.6604938271604937,0.5025295109612141,"FF","4-Seam Fastball",14.7,-13.2,-1.5,"-11",15.6,1.4,-6.2,-4.8,"-77",0.20941176470588235,0.05411764705882353
"2021","Sheffield, Jordan","642068","Rockies","COL","R","96.4","294","456",2.8322981366459627,0.6447368421052632,"FF","4-Seam Fastball",12.7,-14.4,1.6,"11",16.6,7.3,-8.1,-0.8,"-10",,
"2021","Taylor, Josh","657031","Red Sox","BOS","L","94.5","294","791",4.882716049382716,0.37168141592920356,"FF","4-Seam Fastball",14.8,-14.6,-0.2,"-2",15.9,3.7,-7.6,-3.9,"-51",0.4894117647058824,0.10352941176470588
"2021","Zuber, Tyler","676604","Royals","KC","R","94.6","293","506",3.123456790123457,0.5790513833992095,"FF","4-Seam Fastball",14.5,-15.5,1,"6",16.1,9,-8.3,0.7,"9",0.7364705882352941,0.571764705882353
"2021","Oviedo, Luis","665854","Pirates","PIT","R","94.3","293","580",3.580246913580247,0.5051724137931034,"FF","4-Seam Fastball",14.1,-13.8,-0.3,"-2",16.7,7.6,-6.6,1,"16",0.47294117647058825,0.6
"2021","Banda, Anthony","607455","Pirates","PIT","L","94.1","292","610",3.765432098765432,0.4786885245901639,"FF","4-Seam Fastball",15.2,-14.9,-0.4,"-2",15.7,11.3,-7.5,3.8,"51",0.45176470588235296,0.88
"2021","Pérez, Cionel","672335","Reds","CIN","L","96","292","454",2.802469135802469,0.6431718061674009,"FF","4-Seam Fastball",14.3,-14.6,0.3,"2",15.3,4.4,-8.2,-3.8,"-46",,
"2021","Baragar, Caleb","670056","Giants","SF","L","92.8","290","358",2.2098765432098766,0.8100558659217877,"FF","4-Seam Fastball",11.7,-15.2,3.5,"23",20.2,8.6,-7,1.6,"22",,
"2021","Mears, Nick","683232","Pirates","PIT","R","95.6","290","452",2.7901234567901234,0.6415929203539823,"FF","4-Seam Fastball",10.9,-13.7,2.8,"20",19,3.8,-7.4,-3.6,"-48",,
"2021","Lange, Alex","656638","Tigers","DET","R","96.4","289","639",3.9444444444444446,0.4522691705790297,"FF","4-Seam Fastball",13.7,-13.4,-0.3,"-2",15.9,10.5,-7.5,3,"39",0.47294117647058825,0.8094117647058824
"2021","Díaz, Yennsy","660546","Mets","NYM","R","95.4","287","447",2.759259259259259,0.6420581655480985,"FF","4-Seam Fastball",15.7,-15,-0.7,"-5",14.5,8.1,-8.3,-0.2,"-3",,
"2021","Head, Louis","545343","Rays","TB","R","93.7","286","546",3.3703703703703702,0.5238095238095238,"FF","4-Seam Fastball",14.4,-16.2,1.8,"11",16.9,6,-8.8,-2.8,"-32",0.88,0.17882352941176471
"2021","Gil, Luis","661563","Yankees","NYY","R","96.1","284","532",3.2839506172839505,0.5338345864661654,"FF","4-Seam Fastball",11.9,-13.6,1.7,"12",17.8,4.5,-7.8,-3.3,"-42",0.8635294117647059,0.15764705882352942
"2021","Chafin, Andrew","605177","Athletics","ATH","L","91.8","282","947",5.845679012345679,0.29778247096092925,"FF","4-Seam Fastball",16.4,-15,-1.4,"-9",16.2,8.5,-6,2.5,"42",0.22588235294117648,0.7741176470588236
"2021","Neidert, Nick","663734","Marlins","MIA","R","91.7","281","598",3.691358024691358,0.4698996655518395,"FF","4-Seam Fastball",20.6,-16,-4.5,"-28",12.1,14,-7.3,6.7,"92",0.03058823529411765,0.9929411764705882
"2021","Muller, Kyle","666205","Braves","ATL","L","93.4","280","677",4.204968944099379,0.413589364844904,"FF","4-Seam Fastball",16.2,-14.6,-1.6,"-11",15.1,6.5,-6.6,-0.1,"-2",0.1952941176470588,0.46352941176470586
"2021","Anderson, Chase","502624","Phillies","PHI","R","91.5","280","852",5.2592592592592595,0.3286384976525822,"FF","4-Seam Fastball",15,-15.9,0.9,"6",17.6,6.2,-7,-0.7,"-11",0.7223529411764706,0.3835294117647059
"2021","Knehr, Reiss","663753","Padres","SD","R","93.5","279","513",3.1666666666666665,0.543859649122807,"FF","4-Seam Fastball",15.4,-15.4,-0.1,"0",15.8,6.1,-7.7,-1.6,"-20",0.52,0.2917647058823529
"2021","Brach, Brad","542960","Reds","CIN","R","93.6","275","579",3.574074074074074,0.4749568221070812,"FF","4-Seam Fastball",16.8,-15.3,-1.5,"-10",14.5,9,-7.5,1.4,"19",0.20941176470588235,0.6376470588235295
"2021","Ureña, José","570632","Tigers","DET","R","94.3","274","1695",10.462962962962964,0.1616519174041298,"FF","4-Seam Fastball",16.9,-14.7,-2.2,"-15",14,9,-7.4,1.6,"22",0.13647058823529412,0.6494117647058824
"2021","Selman, Sam","572125","Angels","LAA","L","90.9","272","494",3.049382716049383,0.5506072874493927,"FF","4-Seam Fastball",17.7,-16.4,-1.3,"-8",15.2,4.5,-7,-2.5,"-35",0.2635294117647059,0.2023529411764706
"2021","Ross, Joe","605452","Nationals","WSH","R","93.6","272","1700",10.493827160493828,0.16,"FF","4-Seam Fastball",16.7,-15,-1.7,"-12",14.5,5.6,-7.3,-1.7,"-23",0.1811764705882353,0.28
"2021","Ryan, Joe","657746","Twins","MIN","R","91.2","271","412",2.54320987654321,0.6577669902912622,"FF","4-Seam Fastball",18.3,-17.8,-0.5,"-3",14.6,10.9,-9,1.9,"22",,
"2021","Yang, Hyeon-Jong","660365","Rangers","TEX","L","89.9","271","592",3.654320987654321,0.4577702702702703,"FF","4-Seam Fastball",16.1,-16.9,0.8,"5",17.7,1.6,-6.4,-4.9,"-76",0.7035294117647058,0.04941176470588235
"2021","Rogers, Josh","642028","Nationals","WSH","L","90.5","270","533",3.2901234567901234,0.5065666041275797,"FF","4-Seam Fastball",17.8,-16.4,-1.4,"-8",15.7,11.4,-6.8,4.6,"68",0.22588235294117648,0.9341176470588235
"2021","Garza, Justin","621057","Guardians","CLE","R","94.8","270","503",3.1049382716049383,0.536779324055666,"FF","4-Seam Fastball",14.1,-15.6,1.5,"10",16.4,7.4,-8.5,-1.1,"-13",0.8329411764705882,0.3458823529411765
"2021","Poteet, Cody","547001","Marlins","MIA","R","93.6","268","549",3.388888888888889,0.48816029143898,"FF","4-Seam Fastball",15.2,-15.1,-0.2,"-1",16,7.3,-7.2,0.1,"2",0.4894117647058824,0.49411764705882355
"2021","Gant, John","607231","Twins","MIN","R","91.9","262","1975",12.191358024691358,0.13265822784810127,"FF","4-Seam Fastball",16.8,-15.9,-1,"-6",15.8,12.2,-6.9,5.2,"76",0.3129411764705882,0.9647058823529412
"2021","Shoemaker, Matt","533167","Twins","MIN","R","91.6","260","1064",6.567901234567901,0.24436090225563908,"FF","4-Seam Fastball",16,-15.4,-0.6,"-4",16.6,8.9,-6.5,2.4,"37",0.40705882352941175,0.7647058823529411
"2021","Martin, Chris","455119","Braves","ATL","R","94.8","260","663",4.118012422360248,0.39215686274509803,"FF","4-Seam Fastball",16,-13.6,-2.3,"-17",14.4,7.5,-6.6,0.9,"14",0.12705882352941175,0.5905882352941176
"2021","Funkhouser, Kyle","608335","Tigers","DET","R","95.8","259","1189",7.339506172839506,0.21783010933557612,"FF","4-Seam Fastball",14.7,-14,-0.6,"-5",15.1,7.2,-7.9,-0.7,"-9",0.40705882352941175,0.3835294117647059
"2021","Goudeau, Ashton","623485","Rockies","COL","R","92.7","255","563",3.4968944099378882,0.45293072824156305,"FF","4-Seam Fastball",15.5,-14.6,-0.9,"-6",16.3,6.5,-6.2,0.2,"4",0.3341176470588235,0.5129411764705882
"2021","Webb, Jacob","657097","Braves","ATL","R","94.1","253","568",3.527950310559006,0.4454225352112676,"FF","4-Seam Fastball",14.6,-15.4,0.8,"5",16.3,12.2,-8,4.2,"52",0.7035294117647058,0.9176470588235294
"2021","Cotton, Jharel","605194","Rangers","TEX","R","93.2","250","541",3.3395061728395063,0.46210720887245843,"FF","4-Seam Fastball",11.3,-15.7,4.4,"28",20.2,7.1,-6.7,0.5,"7",1,0.5552941176470588